1.000000000000000056e-01,1.369798078927805474e+00,4.000000000000000000e+01
1.200000000000000094e-01,1.230701035470986637e+00,4.000000000000000000e+01
1.400000000000000133e-01,1.063412655896142978e+00,4.000000000000000000e+01
1.600000000000000311e-01,8.655489596591300350e-01,4.000000000000000000e+01
1.800000000000000211e-01,6.378616521283492213e-01,4.000000000000000000e+01
2.000000000000000111e-01,4.244052996000164391e-01,4.000000000000000000e+01
2.200000000000000289e-01,1.581275198543245497e-01,4.000000000000000000e+01
2.400000000000000189e-01,-6.910863731385429032e-02,4.000000000000000000e+01
2.600000000000000089e-01,-2.900278455185063553e-01,4.000000000000000000e+01
2.800000000000000266e-01,-4.925412555563136729e-01,4.000000000000000000e+01
3.000000000000000444e-01,-6.680970746227619106e-01,4.000000000000000000e+01
3.200000000000000622e-01,-8.036057495254869121e-01,4.000000000000000000e+01
3.400000000000000799e-01,-8.932071699990741243e-01,4.000000000000000000e+01
3.600000000000000977e-01,-9.399775425451767363e-01,4.000000000000000000e+01
3.800000000000000044e-01,-9.628884565041021526e-01,4.000000000000000000e+01
4.000000000000000222e-01,-9.846818765822892283e-01,3.916045276045278456e+01
4.200000000000000400e-01,-1.010930424974533448e+00,4.000000000000000000e+01
4.400000000000000577e-01,-1.039351316085918020e+00,4.000000000000000000e+01
4.600000000000000755e-01,-1.063732726520055349e+00,4.000000000000000000e+01
4.800000000000000933e-01,-1.080772602325338561e+00,4.000000000000000000e+01
5.000000000000001110e-01,-1.086946831180223061e+00,4.000000000000000000e+01
5.200000000000001288e-01,-1.074736429642338953e+00,4.000000000000000000e+01
5.400000000000000355e-01,-1.037711542513000351e+00,4.000000000000000000e+01
5.600000000000000533e-01,-9.702399449177316892e-01,4.000000000000000000e+01
5.800000000000000711e-01,-8.667933924998227901e-01,4.000000000000000000e+01
6.000000000000000888e-01,-7.569734875702451848e-01,4.000000000000000000e+01
6.200000000000001066e-01,-5.268056220676627932e-01,4.000000000000000000e+01
6.400000000000001243e-01,-2.925058102308995545e-01,4.000000000000000000e+01
6.600000000000000311e-01,-7.136098070853380548e-02,4.000000000000000000e+01
6.800000000000000488e-01,1.211963903264872827e-01,4.000000000000000000e+01
7.000000000000000666e-01,2.905161655334015380e-01,4.000000000000000000e+01
7.200000000000000844e-01,4.455130194447611824e-01,4.000000000000000000e+01
7.400000000000001021e-01,5.949808007490421380e-01,4.000000000000000000e+01
7.600000000000001199e-01,7.277541711148878267e-01,4.000000000000000000e+01
7.800000000000001377e-01,8.437489501167171335e-01,4.000000000000000000e+01
8.000000000000001554e-01,9.390683310066763045e-01,4.000000000000000000e+01
8.200000000000001732e-01,1.012398489336095553e+00,3.947712243486297723e+01
8.400000000000000799e-01,1.068083643267818905e+00,3.932815549076779860e+01
8.600000000000000977e-01,1.109888215221135788e+00,3.900000000000000000e+01
8.800000000000001155e-01,1.140552635870125009e+00,3.900000000000000000e+01
9.000000000000001332e-01,1.161064148107573857e+00,3.900000000000000000e+01
9.200000000000001510e-01,1.173576530659063533e+00,3.971758733115961348e+01
9.400000000000001688e-01,1.173079476008683564e+00,3.900000000000000000e+01
9.600000000000001865e-01,1.154113342026295674e+00,3.982661736084064330e+01
9.800000000000000933e-01,1.106554691841727944e+00,3.900000000000000000e+01
1.000000000000000222e+00,1.022299293732875647e+00,3.900000000000000000e+01
1.020000000000000240e+00,9.028953193288915546e-01,3.900000000000000000e+01
1.040000000000000258e+00,7.495572964501222568e-01,3.900000000000000000e+01
1.060000000000000275e+00,5.732555874306632937e-01,3.900000000000000000e+01
1.080000000000000293e+00,3.742264721328963928e-01,3.905466840052035593e+01
1.100000000000000311e+00,1.500672243815336093e-01,3.918548493512234643e+01
1.120000000000000329e+00,-8.002180024218727428e-02,3.900000000000000000e+01
1.140000000000000346e+00,-3.164083784268850175e-01,3.900000000000000000e+01
1.160000000000000364e+00,-5.355392092688435746e-01,3.900000000000000000e+01
1.180000000000000382e+00,-7.335328486396531789e-01,3.900000000000000000e+01
1.200000000000000400e+00,-9.063307984594711764e-01,3.988934642087662752e+01
1.220000000000000195e+00,-1.049798804807186015e+00,3.900000000000000000e+01
1.240000000000000213e+00,-1.165437810630245874e+00,3.900000000000000000e+01
1.260000000000000231e+00,-1.249797617314497344e+00,3.900000000000000000e+01
1.280000000000000249e+00,-1.303298898086382218e+00,3.917218828932237784e+01
1.300000000000000266e+00,-1.324471419241322945e+00,3.900000000000000000e+01
1.320000000000000284e+00,-1.315058712040546141e+00,3.900000000000000000e+01
1.340000000000000302e+00,-1.276167095367849003e+00,3.900000000000000000e+01
1.360000000000000320e+00,-1.211951580933435801e+00,3.900000000000000000e+01
1.380000000000000338e+00,-1.123021308704260868e+00,3.900000000000000000e+01
1.400000000000000355e+00,-1.018119003299189140e+00,3.900000000000000000e+01
1.420000000000000373e+00,-8.957849350629248919e-01,3.900000000000000000e+01
1.440000000000000391e+00,-7.596036270266250945e-01,3.900000000000000000e+01
1.460000000000000409e+00,-6.098713393084510548e-01,3.900000000000000000e+01
1.480000000000000426e+00,-4.470088587682934378e-01,3.900000000000000000e+01
1.500000000000000444e+00,-2.718927480511560413e-01,3.900000000000000000e+01
1.520000000000000462e+00,-9.464207316264997005e-02,3.900000000000000000e+01
1.540000000000000480e+00,7.653358436897973738e-02,3.900000000000000000e+01
1.560000000000000275e+00,2.280135282258292651e-01,3.900000000000000000e+01
1.580000000000000293e+00,3.417563744029508133e-01,3.900000000000000000e+01
1.600000000000000311e+00,4.082235643999475028e-01,3.900000000000000000e+01
1.620000000000000329e+00,4.404253046858809806e-01,3.900000000000000000e+01
1.640000000000000346e+00,4.767365943725120903e-01,3.900000000000000000e+01
1.660000000000000364e+00,5.373588178258122960e-01,3.900000000000000000e+01
1.680000000000000382e+00,6.185519062496797060e-01,3.900000000000000000e+01
1.700000000000000400e+00,7.108786604627822525e-01,3.900000000000000000e+01
1.720000000000000417e+00,8.048291288382795061e-01,3.824834726091034298e+01
1.740000000000000435e+00,8.919178698630381152e-01,3.900000000000000000e+01
1.760000000000000453e+00,9.660734675559570217e-01,3.870033659884499144e+01
1.780000000000000471e+00,1.022413138214490536e+00,3.900000000000000000e+01
1.800000000000000488e+00,1.057514505393695625e+00,3.900000000000000000e+01
1.820000000000000506e+00,1.068053001613826103e+00,3.900000000000000000e+01
1.840000000000000524e+00,1.049772920338999826e+00,3.835577422790249358e+01
1.860000000000000320e+00,1.000430650400699895e+00,3.814255355612710474e+01
1.880000000000000338e+00,9.161803871540953326e-01,3.857194006915125328e+01
1.900000000000000355e+00,7.922496322766329202e-01,3.800000000000000000e+01
1.920000000000000373e+00,6.237093156523401127e-01,3.800000000000000000e+01
1.940000000000000391e+00,4.531020282487919215e-01,3.800000000000000000e+01
1.960000000000000409e+00,2.220424363211286056e-01,3.817360591133046910e+01
1.980000000000000426e+00,4.869794270965153299e-02,3.800000000000000000e+01
2.000000000000000444e+00,-1.077466581117220851e-01,3.800000000000000000e+01
2.020000000000000462e+00,-2.601860841403877966e-01,3.800000000000000000e+01
2.040000000000000480e+00,-4.054040469976727401e-01,3.894055796055747720e+01
2.060000000000000497e+00,-5.450792588050520360e-01,3.800000000000000000e+01
2.080000000000000515e+00,-6.737247246785642574e-01,3.800000000000000000e+01
2.100000000000000533e+00,-7.868548254948162235e-01,3.800000000000000000e+01
2.120000000000000551e+00,-8.800448257810223884e-01,3.800000000000000000e+01
2.140000000000000568e+00,-9.511014124471659503e-01,3.800000000000000000e+01
2.160000000000000586e+00,-9.995691643302977436e-01,3.800000000000000000e+01
2.180000000000000604e+00,-1.023692244647064209e+00,3.824871305562079016e+01
2.200000000000000622e+00,-1.022378440519776666e+00,3.874372114496828345e+01
2.220000000000000639e+00,-9.962291523555140138e-01,3.800000000000000000e+01
2.240000000000000657e+00,-9.474947594844385090e-01,3.877172709551710739e+01
2.260000000000000675e+00,-8.764365843460832917e-01,3.800000000000000000e+01
2.280000000000000693e+00,-7.856831690475866159e-01,3.857393063583874948e+01
2.300000000000000711e+00,-6.758831003919281155e-01,3.885354427778980835e+01
2.320000000000000728e+00,-5.530484887433065877e-01,3.800000000000000000e+01
2.340000000000000302e+00,-4.490847739723429211e-01,3.800000000000000000e+01
2.360000000000000320e+00,-2.857552738767270561e-01,3.800000000000000000e+01
2.380000000000000338e+00,-1.641423095333197912e-01,3.800000000000000000e+01
2.400000000000000355e+00,-6.810657244315052039e-02,3.800000000000000000e+01
2.420000000000000373e+00,-8.661121893768320562e-03,3.800000000000000000e+01
2.440000000000000391e+00,1.627100633373211244e-02,3.800000000000000000e+01
2.460000000000000409e+00,4.374598229661490895e-02,3.800000000000000000e+01
2.480000000000000426e+00,1.055014454058236240e-01,3.800000000000000000e+01
2.500000000000000444e+00,2.026909009338818957e-01,3.800000000000000000e+01
2.520000000000000462e+00,3.228735916209609091e-01,3.800000000000000000e+01
2.540000000000000480e+00,4.534617349415333010e-01,3.800000000000000000e+01
2.560000000000000497e+00,5.791647125059423695e-01,3.800000000000000000e+01
2.580000000000000515e+00,6.956508780623846810e-01,3.800000000000000000e+01
2.600000000000000533e+00,7.962615408004808382e-01,3.800000000000000000e+01
2.620000000000000551e+00,8.773314808794467901e-01,3.800000000000000000e+01
2.640000000000000568e+00,9.362447739337063091e-01,3.800000000000000000e+01
2.660000000000000586e+00,9.720067251162000099e-01,3.800000000000000000e+01
2.680000000000000604e+00,9.843268752719008807e-01,3.800000000000000000e+01
2.700000000000000622e+00,9.719965995903774303e-01,3.800000000000000000e+01
2.720000000000000639e+00,9.356719090765709401e-01,3.800000000000000000e+01
2.740000000000000657e+00,8.785488135517672825e-01,3.800000000000000000e+01
2.760000000000000675e+00,7.985998415464894418e-01,3.800000000000000000e+01
2.780000000000000693e+00,6.994512826762310231e-01,3.800000000000000000e+01
2.800000000000000711e+00,5.869871721942536702e-01,3.800000000000000000e+01
2.820000000000000728e+00,4.649775343781099579e-01,3.800000000000000000e+01
2.840000000000000746e+00,3.312909880565561016e-01,3.800000000000000000e+01
2.860000000000000764e+00,1.967988005237771565e-01,3.800000000000000000e+01
2.880000000000000782e+00,6.078228954564846714e-02,3.800000000000000000e+01
2.900000000000000799e+00,-8.102711756616971794e-02,3.787376154492093860e+01
2.920000000000000817e+00,-2.339936526621682333e-01,3.721131392604181087e+01
2.940000000000000835e+00,-4.058147864779807490e-01,3.762451166810641467e+01
2.960000000000000853e+00,-5.838093195157585402e-01,3.800000000000000000e+01
2.980000000000000870e+00,-7.263548804792709923e-01,3.700000000000000000e+01
3.000000000000000444e+00,-8.327401762939149465e-01,3.700000000000000000e+01
3.020000000000000462e+00,-8.968928232600849038e-01,3.700000000000000000e+01
3.040000000000000480e+00,-9.266056940920135432e-01,3.700000000000000000e+01
3.060000000000000497e+00,-9.252113143973061948e-01,3.700000000000000000e+01
3.080000000000000515e+00,-8.957571188185697864e-01,3.700000000000000000e+01
3.100000000000000533e+00,-8.427682439530241876e-01,3.700000000000000000e+01
3.120000000000000551e+00,-7.680350712481337494e-01,3.700000000000000000e+01
3.140000000000000568e+00,-6.743610329630539413e-01,3.700000000000000000e+01
3.160000000000000586e+00,-5.661880170182093108e-01,3.700000000000000000e+01
3.180000000000000604e+00,-4.432421799644254978e-01,3.700000000000000000e+01
3.200000000000000622e+00,-3.135688708572160199e-01,3.701810717372571702e+01
3.220000000000000639e+00,-1.810158710360844636e-01,3.700000000000000000e+01
3.240000000000000657e+00,-5.574713987458861097e-02,3.700000000000000000e+01
3.260000000000000675e+00,4.944363156314585117e-02,3.700000000000000000e+01
3.280000000000000693e+00,1.224585615857570475e-01,3.700000000000000000e+01
3.300000000000000711e+00,1.515696263705529623e-01,3.700000000000000000e+01
3.320000000000000728e+00,1.391249719225266523e-01,3.701050792921097354e+01
3.340000000000000746e+00,1.227303871330713281e-01,3.700000000000000000e+01
3.360000000000000764e+00,1.412167455991746035e-01,3.707776344086097708e+01
3.380000000000000782e+00,1.959785680488917436e-01,3.700000000000000000e+01
3.400000000000000799e+00,2.780583021706173330e-01,3.700000000000000000e+01
3.420000000000000817e+00,3.741815982462681767e-01,3.700000000000000000e+01
3.440000000000000835e+00,4.754192441948675296e-01,3.700000000000000000e+01
3.460000000000000853e+00,5.707269429189152365e-01,3.709795898903280431e+01
3.480000000000000870e+00,6.555149327667373349e-01,3.700000000000000000e+01
3.500000000000000888e+00,7.190653373410658133e-01,3.700000000000000000e+01
3.520000000000000906e+00,7.741427345378064651e-01,3.700000000000000000e+01
3.540000000000000924e+00,7.958110107060304417e-01,3.700000000000000000e+01
3.560000000000000941e+00,7.867345568822750046e-01,3.700000000000000000e+01
3.580000000000000959e+00,7.422756358891136053e-01,3.700000000000000000e+01
3.600000000000000977e+00,6.578403293589270007e-01,3.700000000000000000e+01
3.620000000000000551e+00,5.289772688667274680e-01,3.700000000000000000e+01
3.640000000000000568e+00,3.694578330102087360e-01,3.700000000000000000e+01
3.660000000000000586e+00,2.212353136736429082e-01,3.700000000000000000e+01
3.680000000000000604e+00,9.895967557428714256e-02,3.700000000000000000e+01
3.700000000000000622e+00,-7.100843914550696370e-03,3.700000000000000000e+01
3.720000000000000639e+00,-1.034052523267799534e-01,3.700000000000000000e+01
3.740000000000000657e+00,-1.889965817471191689e-01,3.700000000000000000e+01
3.760000000000000675e+00,-2.727700271541726451e-01,3.700000000000000000e+01
3.780000000000000693e+00,-3.424485628164654072e-01,3.700000000000000000e+01
3.800000000000000711e+00,-4.077063805067489000e-01,3.700000000000000000e+01
3.820000000000000728e+00,-4.491473200396809973e-01,3.700000000000000000e+01
3.840000000000000746e+00,-5.016530895242484744e-01,3.700000000000000000e+01
3.860000000000000764e+00,-5.364959795010622035e-01,3.700000000000000000e+01
3.880000000000000782e+00,-5.661917873649007227e-01,3.700000000000000000e+01
3.900000000000000799e+00,-5.969126839573136722e-01,3.700000000000000000e+01
3.920000000000000817e+00,-6.317358800345991288e-01,3.700000000000000000e+01
3.940000000000000835e+00,-6.692774863207475722e-01,3.700000000000000000e+01
3.960000000000000853e+00,-7.007651531459706540e-01,3.700000000000000000e+01
3.980000000000000870e+00,-7.051400218037101597e-01,3.700000000000000000e+01
4.000000000000000888e+00,-6.717550666621961986e-01,3.700000000000000000e+01
4.020000000000000462e+00,-6.010540718501516944e-01,3.700000000000000000e+01
4.040000000000000924e+00,-5.020291515846816433e-01,3.700000000000000000e+01
4.060000000000000497e+00,-3.769941402284417431e-01,3.700000000000000000e+01
4.080000000000000959e+00,-2.392956927838908177e-01,3.700000000000000000e+01
4.100000000000000533e+00,-9.587235228947323107e-02,3.700000000000000000e+01
4.120000000000000107e+00,5.782761635342895112e-02,3.700000000000000000e+01
4.140000000000000568e+00,2.098740028541255798e-01,3.700000000000000000e+01
4.160000000000000142e+00,3.651904437465421926e-01,3.700000000000000000e+01
4.180000000000000604e+00,5.220371743144894827e-01,3.700000000000000000e+01
4.200000000000000178e+00,6.717200720831124627e-01,3.700000000000000000e+01
4.220000000000000639e+00,8.033321218217623905e-01,3.700000000000000000e+01
4.240000000000000213e+00,9.059714142405986825e-01,3.700000000000000000e+01
4.260000000000000675e+00,9.800340088474509548e-01,3.700000000000000000e+01
4.280000000000000249e+00,1.025888219963651427e+00,3.700000000000000000e+01
4.300000000000000711e+00,1.046206705312867635e+00,3.700000000000000000e+01
4.320000000000000284e+00,1.040740597675651191e+00,3.700000000000000000e+01
4.340000000000000746e+00,1.012816423096081886e+00,3.700000000000000000e+01
4.360000000000000320e+00,9.621345654721661367e-01,3.700000000000000000e+01
4.380000000000000782e+00,8.895313869709594590e-01,3.700000000000000000e+01
4.400000000000000355e+00,7.972553086967180125e-01,3.700000000000000000e+01
4.420000000000000817e+00,6.830514146522198571e-01,3.700000000000000000e+01
4.440000000000000391e+00,5.507788088930078985e-01,3.700000000000000000e+01
4.460000000000000853e+00,3.964547941628303596e-01,3.700000000000000000e+01
4.480000000000000426e+00,2.186180744504188922e-01,3.700000000000000000e+01
4.500000000000000888e+00,3.587649592208971838e-02,3.700000000000000000e+01
4.520000000000000462e+00,-1.366879316906027819e-01,3.601706843476247855e+01
4.540000000000000924e+00,-2.952672171749672336e-01,3.687964457252548556e+01
4.560000000000000497e+00,-4.341705755997777305e-01,3.668750815090857031e+01
4.580000000000000071e+00,-5.633098683672601581e-01,3.629309435517092908e+01
4.600000000000000533e+00,-6.745273536669254000e-01,3.700000000000000000e+01
4.620000000000000107e+00,-7.609912356619427110e-01,3.640057629013229956e+01
4.640000000000000568e+00,-8.340221993774780129e-01,3.609597249086662174e+01
4.660000000000000142e+00,-8.782215895888225710e-01,3.600000000000000000e+01
4.680000000000000604e+00,-8.940231779396002887e-01,3.693082491582438109e+01
4.700000000000000178e+00,-8.806117933536189435e-01,3.700000000000000000e+01
4.720000000000000639e+00,-8.368652829166042251e-01,3.600000000000000000e+01
4.740000000000000213e+00,-7.748386362611056066e-01,3.600000000000000000e+01
4.760000000000000675e+00,-6.743140951749168055e-01,3.644409529942108605e+01
4.780000000000000249e+00,-5.731366380048212861e-01,3.600000000000000000e+01
4.800000000000000711e+00,-4.699776356293712265e-01,3.600000000000000000e+01
4.820000000000000284e+00,-3.658427403576614556e-01,3.625700367969140103e+01
4.840000000000000746e+00,-2.552875320851978880e-01,3.600000000000000000e+01
4.860000000000000320e+00,-1.558985765159842662e-01,3.600000000000000000e+01
4.880000000000000782e+00,-1.955788967920416357e-02,3.600000000000000000e+01
4.900000000000000355e+00,1.031756018065985436e-01,3.600000000000000000e+01
4.920000000000000817e+00,2.230770547729549469e-01,3.600000000000000000e+01
4.940000000000000391e+00,3.366682220912361467e-01,3.600000000000000000e+01
4.960000000000000853e+00,4.336706626471615866e-01,3.600000000000000000e+01
4.980000000000000426e+00,5.057899434078370060e-01,3.600000000000000000e+01
5.000000000000000888e+00,5.457068836484851859e-01,3.600000000000000000e+01
5.020000000000000462e+00,5.468924263135190866e-01,3.661356049382668232e+01
5.040000000000000924e+00,5.177263128119498070e-01,3.600000000000000000e+01
5.060000000000000497e+00,4.727156380057618845e-01,3.600000000000000000e+01
5.080000000000000959e+00,4.354836498920309773e-01,3.600000000000000000e+01
5.100000000000000533e+00,4.122161583509257876e-01,3.600000000000000000e+01
5.120000000000000995e+00,3.967712484441687781e-01,3.600000000000000000e+01
5.140000000000000568e+00,3.839019666857608204e-01,3.677572379778110445e+01
5.160000000000001030e+00,3.698468773191103121e-01,3.600000000000000000e+01
5.180000000000000604e+00,3.506376693601458427e-01,3.664303705387645493e+01
5.200000000000001066e+00,3.246767915987042730e-01,3.600000000000000000e+01
5.220000000000000639e+00,2.913306826636781199e-01,3.678446226415031362e+01
5.240000000000000213e+00,2.529422335561004598e-01,3.600000000000000000e+01
5.260000000000000675e+00,2.101742388481780688e-01,3.600000000000000000e+01
5.280000000000000249e+00,1.640846188183290866e-01,3.600000000000000000e+01
5.300000000000000711e+00,1.128351993562568129e-01,3.600000000000000000e+01
5.320000000000000284e+00,5.332913502557876800e-02,3.642056232731981424e+01
5.340000000000000746e+00,-1.982662050626084194e-02,3.600000000000000000e+01
5.360000000000000320e+00,-1.111304870456250316e-01,3.600000000000000000e+01
5.380000000000000782e+00,-2.243337760048862706e-01,3.600000000000000000e+01
5.400000000000000355e+00,-3.465390556462669136e-01,3.600000000000000000e+01
5.420000000000000817e+00,-4.448394828158540593e-01,3.600000000000000000e+01
5.440000000000000391e+00,-5.051099162749157490e-01,3.687083202511758628e+01
5.460000000000000853e+00,-5.322501679913950179e-01,3.600000000000000000e+01
5.480000000000000426e+00,-5.293695277176556635e-01,3.600000000000000000e+01
5.500000000000000888e+00,-5.022826421014406906e-01,3.600000000000000000e+01
5.520000000000000462e+00,-4.571689268080810775e-01,3.685646347138249013e+01
5.540000000000000924e+00,-3.974690600321929002e-01,3.600000000000000000e+01
5.560000000000000497e+00,-3.274194530124231450e-01,3.649713752043009407e+01
5.580000000000000959e+00,-2.488079871291128675e-01,3.600000000000000000e+01
5.600000000000000533e+00,-1.776302899254093848e-01,3.612502457447347126e+01
5.620000000000000995e+00,-7.412466452539541450e-02,3.600000000000000000e+01
5.640000000000000568e+00,1.789295206422541681e-02,3.651313041326463349e+01
5.660000000000001030e+00,1.068391976653600139e-01,3.600000000000000000e+01
5.680000000000000604e+00,1.788000695982315813e-01,3.600000000000000000e+01
5.700000000000001066e+00,2.804303976550351907e-01,3.600000000000000000e+01
5.720000000000000639e+00,3.566104609134888581e-01,3.666908482676160475e+01
5.740000000000001101e+00,4.198845055854807939e-01,3.600000000000000000e+01
5.760000000000000675e+00,4.637271484449341230e-01,3.600000000000000000e+01
5.780000000000001137e+00,4.820006961999860895e-01,3.600000000000000000e+01
5.800000000000000711e+00,4.693563446701200514e-01,3.600000000000000000e+01
5.820000000000001172e+00,4.211322317179933550e-01,3.600000000000000000e+01
5.840000000000000746e+00,3.353214739124074639e-01,3.600000000000000000e+01
5.860000000000001208e+00,2.332124602683184056e-01,3.600000000000000000e+01
5.880000000000000782e+00,1.481197741129129386e-01,3.600000000000000000e+01
5.900000000000000355e+00,8.377697362008636184e-02,3.600000000000000000e+01
5.920000000000000817e+00,3.866154980130215996e-02,3.600000000000000000e+01
5.940000000000000391e+00,5.133763839186691880e-03,3.600000000000000000e+01
5.960000000000000853e+00,-2.017530677636699202e-02,3.600000000000000000e+01
5.980000000000000426e+00,-4.291793746596615083e-02,3.600000000000000000e+01
6.000000000000000888e+00,-6.264924806605978724e-02,3.600000000000000000e+01
6.020000000000000462e+00,-8.058343512833922306e-02,3.600000000000000000e+01
6.040000000000000924e+00,-9.703254325570445649e-02,3.600000000000000000e+01
6.060000000000000497e+00,-1.077783604285066227e-01,3.600000000000000000e+01
6.080000000000000959e+00,-1.166393314498268829e-01,3.600000000000000000e+01
6.100000000000000533e+00,-1.237730748225226718e-01,3.600000000000000000e+01
6.120000000000000995e+00,-1.335784814581872371e-01,3.600000000000000000e+01
6.140000000000000568e+00,-1.506926856568152895e-01,3.600000000000000000e+01
6.160000000000001030e+00,-1.805813662509309359e-01,3.600000000000000000e+01
6.180000000000000604e+00,-2.265051953044826261e-01,3.600000000000000000e+01
6.200000000000001066e+00,-2.901418510414182639e-01,3.600000000000000000e+01
6.220000000000000639e+00,-3.461163646346796519e-01,3.600000000000000000e+01
6.240000000000001101e+00,-3.724282662773292230e-01,3.600000000000000000e+01
6.260000000000000675e+00,-3.650453234875134512e-01,3.600000000000000000e+01
6.280000000000001137e+00,-3.285500168277937783e-01,3.600000000000000000e+01
6.300000000000000711e+00,-2.705459012057397361e-01,3.600000000000000000e+01
6.320000000000001172e+00,-1.952520789241538879e-01,3.600000000000000000e+01
6.340000000000000746e+00,-1.120759679934136832e-01,3.600000000000000000e+01
6.360000000000001208e+00,-2.406165277491742124e-02,3.600000000000000000e+01
6.380000000000000782e+00,6.079943439515904380e-02,3.600000000000000000e+01
6.400000000000001243e+00,1.405645602225974178e-01,3.600000000000000000e+01
6.420000000000000817e+00,2.126472584644500397e-01,3.600000000000000000e+01
6.440000000000001279e+00,2.762739504089549714e-01,3.600000000000000000e+01
6.460000000000000853e+00,3.319065320641886863e-01,3.600000000000000000e+01
6.480000000000001315e+00,3.781961499731544829e-01,3.600000000000000000e+01
6.500000000000000888e+00,4.169517838255558106e-01,3.600000000000000000e+01
6.520000000000000462e+00,4.501707715694537315e-01,3.600000000000000000e+01
6.540000000000000924e+00,4.802279073613348603e-01,3.600000000000000000e+01
6.560000000000000497e+00,5.096890256004934505e-01,3.600000000000000000e+01
6.580000000000000959e+00,5.395919413968868206e-01,3.600000000000000000e+01
6.600000000000000533e+00,5.620048057371092032e-01,3.600000000000000000e+01
6.620000000000000995e+00,5.674867600955124658e-01,3.600000000000000000e+01
6.640000000000000568e+00,5.480037710720419009e-01,3.600000000000000000e+01
6.660000000000001030e+00,5.022947895534202178e-01,3.600000000000000000e+01
6.680000000000000604e+00,4.335246704584773125e-01,3.600000000000000000e+01
6.700000000000001066e+00,3.442354069629728897e-01,3.600000000000000000e+01
6.720000000000000639e+00,2.418740214488879214e-01,3.600000000000000000e+01
6.740000000000001101e+00,1.338899424292857021e-01,3.600000000000000000e+01
6.760000000000000675e+00,1.574345148629796923e-02,3.600000000000000000e+01
6.780000000000001137e+00,-1.052106566609742333e-01,3.600000000000000000e+01
6.800000000000000711e+00,-2.288319087859383427e-01,3.600000000000000000e+01
6.820000000000001172e+00,-3.503430330592234299e-01,3.600000000000000000e+01
6.840000000000000746e+00,-4.692919774223910934e-01,3.600000000000000000e+01
6.860000000000001208e+00,-5.737871668099544520e-01,3.600000000000000000e+01
6.880000000000000782e+00,-6.584874279301623501e-01,3.600000000000000000e+01
6.900000000000001243e+00,-7.164208028621485980e-01,3.600000000000000000e+01
6.920000000000000817e+00,-7.558153827895986998e-01,3.600000000000000000e+01
6.940000000000001279e+00,-7.693284284109547233e-01,3.600000000000000000e+01
6.960000000000000853e+00,-7.608031981800565946e-01,3.600000000000000000e+01
6.980000000000001315e+00,-7.312568180512574179e-01,3.600000000000000000e+01
7.000000000000000888e+00,-6.805041761098026276e-01,3.600000000000000000e+01
7.020000000000001350e+00,-6.087504350072873160e-01,3.600000000000000000e+01
7.040000000000000924e+00,-5.171739489110755983e-01,3.600000000000000000e+01
7.060000000000001386e+00,-4.081580826288225827e-01,3.600000000000000000e+01
7.080000000000000959e+00,-2.841599529754937903e-01,3.600000000000000000e+01
7.100000000000001421e+00,-1.502051179434059081e-01,3.600000000000000000e+01
7.120000000000000995e+00,-1.748964520255283372e-02,3.600000000000000000e+01
7.140000000000000568e+00,1.075507863190038466e-01,3.600000000000000000e+01
7.160000000000001030e+00,2.259888368956047000e-01,3.600000000000000000e+01
7.180000000000000604e+00,3.329616673682750383e-01,3.600000000000000000e+01
7.200000000000001066e+00,4.264509114817598978e-01,3.500085297418731045e+01
7.220000000000000639e+00,5.040534316175790952e-01,3.600000000000000000e+01
7.240000000000001101e+00,5.632971961355951462e-01,3.600000000000000000e+01
7.260000000000000675e+00,6.004951307501199542e-01,3.600000000000000000e+01
7.280000000000001137e+00,6.139404296640088576e-01,3.600000000000000000e+01
7.300000000000000711e+00,6.047191533500693161e-01,3.600000000000000000e+01
7.320000000000001172e+00,5.766356093593120180e-01,3.600000000000000000e+01
7.340000000000000746e+00,5.365637995803960170e-01,3.600000000000000000e+01
7.360000000000001208e+00,4.913801128689807007e-01,3.600000000000000000e+01
7.380000000000000782e+00,4.418668297405169976e-01,3.600000000000000000e+01
7.400000000000001243e+00,3.900011191410102662e-01,3.600000000000000000e+01
7.420000000000000817e+00,3.343704205345277569e-01,3.600000000000000000e+01
7.440000000000001279e+00,2.769715557544085716e-01,3.536338558786380304e+01
7.460000000000000853e+00,2.088208368205397292e-01,3.519001048437752388e+01
7.480000000000001315e+00,1.398530311636250467e-01,3.600000000000000000e+01
7.500000000000000888e+00,6.761518368315981575e-02,3.600000000000000000e+01
7.520000000000001350e+00,-3.737479269098781601e-03,3.600000000000000000e+01
7.540000000000000924e+00,-7.193552228308702778e-02,3.600000000000000000e+01
7.560000000000001386e+00,-1.305899739097727275e-01,3.600000000000000000e+01
7.580000000000000959e+00,-1.726982391944109629e-01,3.505449896907299490e+01
7.600000000000001421e+00,-1.940332368449958211e-01,3.600000000000000000e+01
7.620000000000000995e+00,-1.896975612910206388e-01,3.576206032482695463e+01
7.640000000000001457e+00,-1.670118097319984729e-01,3.515356650011750617e+01
7.660000000000001030e+00,-1.439902727826007645e-01,3.600000000000000000e+01
7.680000000000001492e+00,-1.315430797529630880e-01,3.600000000000000000e+01
7.700000000000001066e+00,-1.320541587970598951e-01,3.500000000000000000e+01
7.720000000000001528e+00,-1.435941663192676077e-01,3.600000000000000000e+01
7.740000000000001101e+00,-1.577995596704549197e-01,3.591735355450149569e+01
7.760000000000001563e+00,-1.722174297825951050e-01,3.500000000000000000e+01
7.780000000000001137e+00,-1.810465452386676166e-01,3.600000000000000000e+01
7.800000000000000711e+00,-1.827506665481289927e-01,3.523171917952992516e+01
7.820000000000001172e+00,-1.769256887537401790e-01,3.539953159522865889e+01
7.840000000000000746e+00,-1.612965241665701988e-01,3.553837736731280472e+01
7.860000000000001208e+00,-1.376599936374416078e-01,3.515770913190644364e+01
7.880000000000000782e+00,-1.066950291602485335e-01,3.532265672337526752e+01
7.900000000000001243e+00,-7.125619001483475545e-02,3.500000000000000000e+01
7.920000000000000817e+00,-3.292450434593450354e-02,3.500000000000000000e+01
7.940000000000001279e+00,3.028513703556163020e-03,3.590354175070701359e+01
7.960000000000000853e+00,3.327888593335858597e-02,3.534298385360526140e+01
7.980000000000001315e+00,5.325023531590970111e-02,3.548402031930433509e+01
8.000000000000001776e+00,5.593986752736625906e-02,3.530924789820326026e+01
8.020000000000001350e+00,3.868490640531070668e-02,3.571863814124553471e+01
8.040000000000000924e+00,2.111407794830119297e-03,3.512594925634211052e+01
8.060000000000002274e+00,-3.895077762451894937e-02,3.542298488396645695e+01
8.080000000000001847e+00,-6.616954284349305104e-02,3.500000000000000000e+01
8.100000000000001421e+00,-7.061589842781175463e-02,3.555053816046820714e+01
8.120000000000000995e+00,-5.691028706165503215e-02,3.500000000000000000e+01
8.140000000000000568e+00,-3.106496698468955500e-02,3.578709707822752506e+01
8.160000000000001918e+00,2.337246222907565958e-03,3.556597868216859126e+01
8.180000000000001492e+00,3.806997676299693489e-02,3.582865214268463916e+01
8.200000000000001066e+00,7.236601432170257364e-02,3.527967272727191528e+01
8.220000000000000639e+00,1.036965973553494319e-01,3.500000000000000000e+01
8.240000000000001990e+00,1.285676542529192445e-01,3.500000000000000000e+01
8.260000000000001563e+00,1.478244236238096532e-01,3.500000000000000000e+01
8.280000000000001137e+00,1.613087548033154406e-01,3.500000000000000000e+01
8.300000000000000711e+00,1.680342051894213040e-01,3.500000000000000000e+01
8.320000000000002061e+00,1.699691827297246105e-01,3.500000000000000000e+01
8.340000000000001634e+00,1.692558265124128880e-01,3.553256381798192365e+01
8.360000000000001208e+00,1.692941513672324150e-01,3.500000000000000000e+01
8.380000000000000782e+00,1.733950728315511725e-01,3.500000000000000000e+01
8.400000000000002132e+00,1.865396274716653036e-01,3.500000000000000000e+01
8.420000000000001705e+00,2.102958859227274380e-01,3.500000000000000000e+01
8.440000000000001279e+00,2.445924193715504347e-01,3.500000000000000000e+01
8.460000000000000853e+00,2.765256048130144695e-01,3.500000000000000000e+01
8.480000000000000426e+00,2.914275278007746328e-01,3.500000000000000000e+01
8.500000000000001776e+00,2.839056263022262661e-01,3.500000000000000000e+01
8.520000000000001350e+00,2.566828001689200334e-01,3.500000000000000000e+01
8.540000000000000924e+00,2.131354277741125125e-01,3.500000000000000000e+01
8.560000000000000497e+00,1.605459917152542437e-01,3.500000000000000000e+01
8.580000000000001847e+00,1.014987863019801845e-01,3.500000000000000000e+01
8.600000000000001421e+00,3.813538740810773486e-02,3.500000000000000000e+01
8.620000000000000995e+00,-2.419444063598785374e-02,3.500000000000000000e+01
8.640000000000000568e+00,-8.428359525370521244e-02,3.500000000000000000e+01
8.660000000000001918e+00,-1.441223858349248155e-01,3.500000000000000000e+01
8.680000000000001492e+00,-1.999550629986199257e-01,3.500000000000000000e+01
8.700000000000001066e+00,-2.535860306992802626e-01,3.600000000000000000e+01
8.720000000000000639e+00,-3.070058516082040945e-01,3.568924477550120145e+01
8.740000000000001990e+00,-3.612730083674750015e-01,3.500000000000000000e+01
8.760000000000001563e+00,-4.134757225979587836e-01,3.500000000000000000e+01
8.780000000000001137e+00,-4.568884466182258630e-01,3.500000000000000000e+01
8.800000000000000711e+00,-4.829067482753163776e-01,3.590999074930550705e+01
8.820000000000002061e+00,-4.883801472397802934e-01,3.500000000000000000e+01
8.840000000000001634e+00,-4.716323909667074488e-01,3.584142824233889257e+01
8.860000000000001208e+00,-4.361646456265421135e-01,3.500000000000000000e+01
8.880000000000000782e+00,-3.848332314761658268e-01,3.500000000000000000e+01
8.900000000000002132e+00,-3.206355256303780044e-01,3.500000000000000000e+01
8.920000000000001705e+00,-2.443848598846951603e-01,3.500000000000000000e+01
8.940000000000001279e+00,-1.587367096814446266e-01,3.521052043665768849e+01
8.960000000000000853e+00,-6.383779690745029767e-02,3.500000000000000000e+01
8.980000000000002203e+00,3.587036320762607838e-02,3.500000000000000000e+01
9.000000000000001776e+00,1.459668314605162553e-01,3.500000000000000000e+01
9.020000000000001350e+00,2.553852335253136152e-01,3.500000000000000000e+01
9.040000000000000924e+00,3.595820852168746806e-01,3.500000000000000000e+01
9.060000000000000497e+00,4.505289273794458316e-01,3.500000000000000000e+01
9.080000000000001847e+00,5.223802146546365766e-01,3.500000000000000000e+01
9.100000000000001421e+00,5.752059756981799943e-01,3.594873911050113691e+01
9.120000000000000995e+00,6.092211734293843106e-01,3.500000000000000000e+01
9.140000000000000568e+00,6.257255583753582595e-01,3.500000000000000000e+01
9.160000000000001918e+00,6.247711554793095035e-01,3.500000000000000000e+01
9.180000000000001492e+00,6.065538290546210742e-01,3.500000000000000000e+01
9.200000000000001066e+00,5.714306202392169798e-01,3.588489875579300303e+01
9.220000000000000639e+00,5.183817122101090913e-01,3.500000000000000000e+01
9.240000000000001990e+00,4.471961825522850487e-01,3.500000000000000000e+01
9.260000000000001563e+00,3.589323157357569016e-01,3.500000000000000000e+01
9.280000000000001137e+00,2.587981716712490776e-01,3.556816948345518625e+01
9.300000000000000711e+00,1.545663488659960727e-01,3.500000000000000000e+01
9.320000000000002061e+00,5.313617293734922142e-02,3.500000000000000000e+01
9.340000000000001634e+00,-4.177954909299504138e-02,3.500000000000000000e+01
9.360000000000001208e+00,-1.294408445960386622e-01,3.500000000000000000e+01
9.380000000000000782e+00,-2.081412874664362866e-01,3.500000000000000000e+01
9.400000000000002132e+00,-2.765573181785338508e-01,3.500000000000000000e+01
9.420000000000001705e+00,-3.326269264993453878e-01,3.500000000000000000e+01
9.440000000000001279e+00,-3.747625752429723511e-01,3.599530285449184674e+01
9.460000000000000853e+00,-4.008193812943409706e-01,3.581397101449361742e+01
9.480000000000002203e+00,-4.091206452261724191e-01,3.500000000000000000e+01
9.500000000000001776e+00,-3.985083150398106566e-01,3.500000000000000000e+01
9.520000000000001350e+00,-3.707005246154830291e-01,3.500000000000000000e+01
9.540000000000000924e+00,-3.320106273078361481e-01,3.595254956201103624e+01
9.560000000000002274e+00,-2.877904086054632882e-01,3.581185763042650905e+01
9.580000000000001847e+00,-2.437342611566720163e-01,3.500000000000000000e+01
9.600000000000001421e+00,-2.012912834968818565e-01,3.500000000000000000e+01
9.620000000000000995e+00,-1.590722327023202931e-01,3.500000000000000000e+01
9.640000000000002345e+00,-1.159777306026533727e-01,3.500000000000000000e+01
9.660000000000001918e+00,-7.165317170264645652e-02,3.500000000000000000e+01
9.680000000000001492e+00,-2.803130906950457649e-02,3.500000000000000000e+01
9.700000000000001066e+00,1.497632859055663714e-02,3.500000000000000000e+01
9.720000000000000639e+00,5.551087674384365400e-02,3.500000000000000000e+01
9.740000000000001990e+00,9.114048342641599409e-02,3.500000000000000000e+01
9.760000000000001563e+00,1.191202692670135233e-01,3.538549751831872925e+01
9.780000000000001137e+00,1.344099114428529695e-01,3.500000000000000000e+01
9.800000000000000711e+00,1.362097571067303059e-01,3.500000000000000000e+01
9.820000000000002061e+00,1.215810897720256550e-01,3.500000000000000000e+01
9.840000000000001634e+00,9.701687298095069967e-02,3.500000000000000000e+01
9.860000000000001208e+00,7.238868648060728384e-02,3.500000000000000000e+01
9.880000000000000782e+00,5.765212264948432752e-02,3.500000000000000000e+01
9.900000000000002132e+00,5.360801823260059884e-02,3.500000000000000000e+01
9.920000000000001705e+00,5.875459918478717625e-02,3.500000000000000000e+01
9.940000000000001279e+00,6.970398577093965542e-02,3.500000000000000000e+01
9.960000000000000853e+00,8.224790014678087791e-02,3.500000000000000000e+01
9.980000000000002203e+00,9.478234420840180030e-02,3.572314220763052361e+01
1.000000000000000178e+01,1.048719426286126299e-01,3.500000000000000000e+01
1.002000000000000135e+01,1.125979972055941719e-01,3.500000000000000000e+01
1.004000000000000092e+01,1.172131131217088174e-01,3.500000000000000000e+01
1.006000000000000227e+01,1.203236443741024092e-01,3.500000000000000000e+01
1.008000000000000185e+01,1.235229181605765891e-01,3.500000000000000000e+01
1.010000000000000142e+01,1.285476627425598262e-01,3.500000000000000000e+01
1.012000000000000099e+01,1.395191158228117068e-01,3.500000000000000000e+01
1.014000000000000234e+01,1.574181976021152285e-01,3.500000000000000000e+01
1.016000000000000192e+01,1.826876739652264492e-01,3.537512995205855049e+01
1.018000000000000149e+01,2.082692796075660546e-01,3.590391215526206992e+01
1.020000000000000107e+01,2.252799491763219919e-01,3.500000000000000000e+01
1.022000000000000242e+01,2.270291566070749001e-01,3.500000000000000000e+01
1.024000000000000199e+01,2.132402712301178227e-01,3.500000000000000000e+01
1.026000000000000156e+01,1.864382545063143770e-01,3.500000000000000000e+01
1.028000000000000114e+01,1.496881110043005170e-01,3.500000000000000000e+01
1.030000000000000249e+01,1.070754133981286910e-01,3.500000000000000000e+01
1.032000000000000206e+01,5.836604599834249035e-02,3.500000000000000000e+01
1.034000000000000163e+01,7.676720405610098184e-03,3.500000000000000000e+01
1.036000000000000121e+01,-4.574365637809424401e-02,3.500000000000000000e+01
1.038000000000000078e+01,-9.978149696433352700e-02,3.500000000000000000e+01
1.040000000000000213e+01,-1.558281136325643801e-01,3.500000000000000000e+01
1.042000000000000171e+01,-2.125788419616902736e-01,3.500000000000000000e+01
1.044000000000000128e+01,-2.693115732647740623e-01,3.500000000000000000e+01
1.046000000000000085e+01,-3.208948166285550130e-01,3.500000000000000000e+01
1.048000000000000220e+01,-3.663802261685816242e-01,3.500000000000000000e+01
1.050000000000000178e+01,-3.957135393693613223e-01,3.500000000000000000e+01
1.052000000000000135e+01,-4.095564156430785974e-01,3.500000000000000000e+01
1.054000000000000092e+01,-4.056422435122415959e-01,3.500000000000000000e+01
1.056000000000000227e+01,-3.868303003660323314e-01,3.500000000000000000e+01
1.058000000000000185e+01,-3.519230388944137866e-01,3.500000000000000000e+01
1.060000000000000142e+01,-3.055863944267360188e-01,3.500000000000000000e+01
1.062000000000000099e+01,-2.474422323362240050e-01,3.500000000000000000e+01
1.064000000000000234e+01,-1.786452442587634915e-01,3.500000000000000000e+01
1.066000000000000192e+01,-9.949289672765532222e-02,3.500000000000000000e+01
1.068000000000000149e+01,-1.225126149730301414e-02,3.500000000000000000e+01
1.070000000000000107e+01,8.053077260069697874e-02,3.500000000000000000e+01
1.072000000000000242e+01,1.729442297669617490e-01,3.500000000000000000e+01
1.074000000000000199e+01,2.592632774453030864e-01,3.500000000000000000e+01
1.076000000000000156e+01,3.356038310070570407e-01,3.500000000000000000e+01
1.078000000000000114e+01,3.986149323673683353e-01,3.500000000000000000e+01
1.080000000000000249e+01,4.458233234932834077e-01,3.500000000000000000e+01
1.082000000000000206e+01,4.770427359547995683e-01,3.500000000000000000e+01
1.084000000000000163e+01,4.919782883374342886e-01,3.500000000000000000e+01
1.086000000000000121e+01,4.905367784156143274e-01,3.500000000000000000e+01
1.088000000000000256e+01,4.718374440139275205e-01,3.500000000000000000e+01
1.090000000000000213e+01,4.366205889299178411e-01,3.500000000000000000e+01
1.092000000000000171e+01,3.847130760218547829e-01,3.500000000000000000e+01
1.094000000000000128e+01,3.197177753427783986e-01,3.500000000000000000e+01
1.096000000000000263e+01,2.455651273248125599e-01,3.500000000000000000e+01
1.098000000000000220e+01,1.681525281804654159e-01,3.500000000000000000e+01
1.100000000000000178e+01,9.380730130035135061e-02,3.500000000000000000e+01
1.102000000000000135e+01,2.291225008177514427e-02,3.500000000000000000e+01
1.104000000000000092e+01,-4.338399566603420854e-02,3.500000000000000000e+01
1.106000000000000227e+01,-1.029768262311792498e-01,3.500000000000000000e+01
1.108000000000000185e+01,-1.568264359115952578e-01,3.500000000000000000e+01
1.110000000000000142e+01,-1.999031528081978426e-01,3.500000000000000000e+01
1.112000000000000099e+01,-2.321842983484825318e-01,3.500000000000000000e+01
1.114000000000000234e+01,-2.499783654379400255e-01,3.500000000000000000e+01
1.116000000000000192e+01,-2.532564477025994742e-01,3.500000000000000000e+01
1.118000000000000149e+01,-2.408776353719814245e-01,3.500000000000000000e+01
1.120000000000000107e+01,-2.153440471119461019e-01,3.500000000000000000e+01
1.122000000000000242e+01,-1.817398223169846283e-01,3.500000000000000000e+01
1.124000000000000199e+01,-1.470829112461291555e-01,3.500000000000000000e+01
1.126000000000000156e+01,-1.150524803837726512e-01,3.500000000000000000e+01
1.128000000000000114e+01,-8.707366818380819773e-02,3.500000000000000000e+01
1.130000000000000249e+01,-6.296099071102301270e-02,3.500000000000000000e+01
1.132000000000000206e+01,-4.180821463015569478e-02,3.500000000000000000e+01
1.134000000000000163e+01,-2.336941093884219167e-02,3.500000000000000000e+01
1.136000000000000121e+01,-7.422127836835533746e-03,3.500000000000000000e+01
1.138000000000000256e+01,6.327670750028270043e-03,3.500000000000000000e+01
1.140000000000000213e+01,1.654332845750581399e-02,3.500000000000000000e+01
1.142000000000000171e+01,2.097150625375796690e-02,3.500000000000000000e+01
1.144000000000000128e+01,1.808608724602729298e-02,3.500000000000000000e+01
1.146000000000000263e+01,5.419584803213613536e-03,3.500000000000000000e+01
1.148000000000000220e+01,-1.612027360367781700e-02,3.500000000000000000e+01
1.150000000000000178e+01,-4.264775325046868404e-02,3.500000000000000000e+01
1.152000000000000135e+01,-6.745803561314568653e-02,3.500000000000000000e+01
1.154000000000000270e+01,-8.349014884708499951e-02,3.500000000000000000e+01
1.156000000000000227e+01,-8.720511968714517170e-02,3.500000000000000000e+01
1.158000000000000185e+01,-8.021127011622899983e-02,3.500000000000000000e+01
1.160000000000000142e+01,-6.376894496798883594e-02,3.500000000000000000e+01
1.162000000000000277e+01,-4.211051338299315328e-02,3.500000000000000000e+01
1.164000000000000234e+01,-1.744107961740994778e-02,3.500000000000000000e+01
1.166000000000000192e+01,9.590737680722338093e-03,3.500000000000000000e+01
1.168000000000000149e+01,3.743803107995132690e-02,3.500000000000000000e+01
1.170000000000000107e+01,6.784376914502072975e-02,3.500000000000000000e+01
1.172000000000000242e+01,9.983001565727830928e-02,3.500000000000000000e+01
1.174000000000000199e+01,1.351668109280738106e-01,3.500000000000000000e+01
1.176000000000000156e+01,1.737647051559623179e-01,3.500000000000000000e+01
1.178000000000000114e+01,2.148232156043992647e-01,3.500000000000000000e+01
1.180000000000000249e+01,2.538265528577438035e-01,3.500000000000000000e+01
1.182000000000000206e+01,2.855157450247102768e-01,3.500000000000000000e+01
1.184000000000000163e+01,3.052512939383802415e-01,3.500000000000000000e+01
1.186000000000000121e+01,3.105472709974657630e-01,3.500000000000000000e+01
1.188000000000000256e+01,3.023034371880759519e-01,3.500000000000000000e+01
1.190000000000000213e+01,2.833559655602547189e-01,3.500000000000000000e+01
1.192000000000000171e+01,2.543125389004063375e-01,3.500000000000000000e+01
1.194000000000000128e+01,2.175934927052395051e-01,3.500000000000000000e+01
1.196000000000000263e+01,1.736364963214576396e-01,3.500000000000000000e+01
1.198000000000000220e+01,1.227598381156648627e-01,3.500000000000000000e+01
1.200000000000000178e+01,6.430493414992652368e-02,3.500000000000000000e+01
1.202000000000000135e+01,-1.873222963826811401e-05,3.500000000000000000e+01
1.204000000000000270e+01,-6.997403509496871732e-02,3.500000000000000000e+01
1.206000000000000227e+01,-1.397336011387090848e-01,3.500000000000000000e+01
1.208000000000000185e+01,-2.029215355053684000e-01,3.500000000000000000e+01
1.210000000000000142e+01,-2.553637200774409033e-01,3.500000000000000000e+01
1.212000000000000277e+01,-2.946844190727225810e-01,3.500000000000000000e+01
1.214000000000000234e+01,-3.186991792559934478e-01,3.500000000000000000e+01
1.216000000000000192e+01,-3.301106604954990309e-01,3.500000000000000000e+01
1.218000000000000149e+01,-3.279842672097986744e-01,3.500000000000000000e+01
1.220000000000000284e+01,-3.142643539655703977e-01,3.500000000000000000e+01
1.222000000000000242e+01,-2.880873002612053813e-01,3.500000000000000000e+01
1.224000000000000199e+01,-2.496849587223976819e-01,3.500000000000000000e+01
1.226000000000000156e+01,-1.989517978341880378e-01,3.500000000000000000e+01
1.228000000000000114e+01,-1.433507154185267030e-01,3.500000000000000000e+01
1.230000000000000249e+01,-6.806302113448213509e-02,3.500000000000000000e+01
1.232000000000000206e+01,1.701884752113203177e-03,3.500000000000000000e+01
1.234000000000000163e+01,6.731760105700890229e-02,3.500000000000000000e+01
1.236000000000000121e+01,1.261199988296936303e-01,3.500000000000000000e+01
1.238000000000000256e+01,1.767656036356387295e-01,3.500000000000000000e+01
1.240000000000000213e+01,2.186671673976225694e-01,3.500000000000000000e+01
1.242000000000000171e+01,2.519899073300452264e-01,3.500000000000000000e+01
1.244000000000000128e+01,2.764100154462590941e-01,3.500000000000000000e+01
1.246000000000000263e+01,2.902089138835660664e-01,3.500000000000000000e+01
1.248000000000000220e+01,2.938685029391053249e-01,3.500000000000000000e+01
1.250000000000000178e+01,2.865621038659149633e-01,3.500000000000000000e+01
1.252000000000000135e+01,2.678631579442393718e-01,3.500000000000000000e+01
1.254000000000000270e+01,2.399625508799366480e-01,3.500000000000000000e+01
1.256000000000000227e+01,2.054764984734989974e-01,3.500000000000000000e+01
1.258000000000000185e+01,1.684737668734403171e-01,3.500000000000000000e+01
1.260000000000000142e+01,1.331270330280000525e-01,3.500000000000000000e+01
1.262000000000000277e+01,1.000149151668976166e-01,3.500000000000000000e+01
1.264000000000000234e+01,7.041492623523380734e-02,3.500000000000000000e+01
1.266000000000000192e+01,4.404160132417637291e-02,3.500000000000000000e+01
1.268000000000000149e+01,2.077677029434142272e-02,3.500000000000000000e+01
1.270000000000000284e+01,5.493633790343633357e-04,3.500000000000000000e+01
1.272000000000000242e+01,-1.571777480553012904e-02,3.500000000000000000e+01
1.274000000000000199e+01,-2.713093356507702975e-02,3.500000000000000000e+01
1.276000000000000156e+01,-3.263202005801633943e-02,3.527286310905024180e+01
1.278000000000000291e+01,-3.173704639533562327e-02,3.500000000000000000e+01
1.280000000000000249e+01,-2.461738224981648709e-02,3.500000000000000000e+01
1.282000000000000206e+01,-1.232954351942273236e-02,3.500000000000000000e+01
1.284000000000000163e+01,2.105462201565619449e-03,3.500000000000000000e+01
1.286000000000000298e+01,1.310611146130288319e-02,3.500000000000000000e+01
1.288000000000000256e+01,1.774475994839192980e-02,3.500000000000000000e+01
1.290000000000000213e+01,1.524971997971642269e-02,3.500000000000000000e+01
1.292000000000000171e+01,7.100952106797005052e-03,3.500000000000000000e+01
1.294000000000000128e+01,-5.980913126397991927e-03,3.500000000000000000e+01
1.296000000000000263e+01,-2.281914322682649168e-02,3.500000000000000000e+01
1.298000000000000220e+01,-4.261790535431666388e-02,3.500000000000000000e+01
1.300000000000000178e+01,-6.503977434130994717e-02,3.500000000000000000e+01
1.302000000000000135e+01,-8.928864601266570111e-02,3.500000000000000000e+01
1.304000000000000270e+01,-1.147837268823325846e-01,3.500000000000000000e+01
1.306000000000000227e+01,-1.401502470058621774e-01,3.494142127264061060e+01
1.308000000000000185e+01,-1.650441511643580272e-01,3.500000000000000000e+01
1.310000000000000142e+01,-1.857810210760857117e-01,3.500000000000000000e+01
1.312000000000000277e+01,-1.989799349439229925e-01,3.500000000000000000e+01
1.314000000000000234e+01,-2.040039066990236016e-01,3.500000000000000000e+01
1.316000000000000192e+01,-1.967308373051021853e-01,3.500000000000000000e+01
1.318000000000000149e+01,-1.800608430118927350e-01,3.500000000000000000e+01
1.320000000000000284e+01,-1.527170271845065264e-01,3.462335583896272340e+01
1.322000000000000242e+01,-1.166202660468717428e-01,3.500000000000000000e+01
1.324000000000000199e+01,-7.251143846098216661e-02,3.500000000000000000e+01
1.326000000000000156e+01,-2.485215995019306526e-02,3.500000000000000000e+01
1.328000000000000291e+01,2.655224825542588582e-02,3.500000000000000000e+01
1.330000000000000249e+01,7.991993724835026736e-02,3.500000000000000000e+01
1.332000000000000206e+01,1.340169371962479927e-01,3.500000000000000000e+01
1.334000000000000163e+01,1.856889050075974379e-01,3.408127649208115884e+01
1.336000000000000298e+01,2.325347283418129629e-01,3.500000000000000000e+01
1.338000000000000256e+01,2.736617879114371377e-01,3.500000000000000000e+01
1.340000000000000213e+01,3.064215605014649624e-01,3.500000000000000000e+01
1.342000000000000171e+01,3.289423419003974502e-01,3.400000000000000000e+01
1.344000000000000306e+01,3.398050321063773027e-01,3.476501675442489159e+01
1.346000000000000263e+01,3.397106277703731414e-01,3.400000000000000000e+01
1.348000000000000220e+01,3.278858129363187990e-01,3.500000000000000000e+01
1.350000000000000178e+01,3.068475972319346656e-01,3.500000000000000000e+01
1.352000000000000313e+01,2.751526530729729858e-01,3.499744169937356020e+01
1.354000000000000270e+01,2.366189898578788253e-01,3.500000000000000000e+01
1.356000000000000227e+01,1.926728987977910090e-01,3.500000000000000000e+01
1.358000000000000185e+01,1.461258846583441406e-01,3.500000000000000000e+01
1.360000000000000142e+01,9.722593876610367836e-02,3.403091976516780193e+01
1.362000000000000277e+01,4.958180586534148560e-02,3.499215027624565977e+01
1.364000000000000234e+01,2.732827376959933927e-03,3.488146253925747686e+01
1.366000000000000192e+01,-3.970713092630680230e-02,3.500000000000000000e+01
1.368000000000000149e+01,-7.887372090143000836e-02,3.441767193195777708e+01
1.370000000000000284e+01,-1.112210112782730104e-01,3.410682065809285035e+01
1.372000000000000242e+01,-1.350365375540827639e-01,3.496555872667175890e+01
1.374000000000000199e+01,-1.511438807967952491e-01,3.421601970443144580e+01
1.376000000000000156e+01,-1.574489312238761540e-01,3.500000000000000000e+01
1.378000000000000291e+01,-1.551165296929068460e-01,3.500000000000000000e+01
1.380000000000000249e+01,-1.450634214207028039e-01,3.456194710976139106e+01
1.382000000000000206e+01,-1.304574721271894167e-01,3.500000000000000000e+01
1.384000000000000163e+01,-1.184424180895312789e-01,3.500000000000000000e+01
1.386000000000000298e+01,-9.855852152710437020e-02,3.430748698533187735e+01
1.388000000000000256e+01,-8.336930057913442826e-02,3.400000000000000000e+01
1.390000000000000213e+01,-6.996947216505666756e-02,3.400000000000000000e+01
1.392000000000000171e+01,-5.938269674740536547e-02,3.400000000000000000e+01
1.394000000000000306e+01,-5.115949007962242862e-02,3.480641887380084398e+01
1.396000000000000263e+01,-4.729776820504914825e-02,3.400000000000000000e+01
1.398000000000000220e+01,-4.705652352466101196e-02,3.400000000000000000e+01
1.400000000000000178e+01,-5.136574164418225563e-02,3.495282392026743423e+01
1.402000000000000313e+01,-5.887915529343770715e-02,3.400000000000000000e+01
1.404000000000000270e+01,-6.930086060443652052e-02,3.500000000000000000e+01
1.406000000000000227e+01,-7.802760354356853834e-02,3.400000000000000000e+01
1.408000000000000185e+01,-8.456069093219596711e-02,3.438796545490907164e+01
1.410000000000000320e+01,-8.394514979638810492e-02,3.435508173418859457e+01
1.412000000000000277e+01,-7.758238195508918023e-02,3.400000000000000000e+01
1.414000000000000234e+01,-6.388847518565635153e-02,3.493650526316019267e+01
1.416000000000000192e+01,-4.566682306939709446e-02,3.422314644351632751e+01
1.418000000000000149e+01,-2.355594351211734092e-02,3.400000000000000000e+01
1.420000000000000284e+01,2.500717759050955728e-03,3.400000000000000000e+01
1.422000000000000242e+01,3.003908003498287696e-02,3.400000000000000000e+01
1.424000000000000199e+01,6.065721756146377763e-02,3.474655851680323337e+01
1.426000000000000156e+01,9.250159098672139368e-02,3.400000000000000000e+01
1.428000000000000291e+01,1.253320092722429169e-01,3.409001972386889179e+01
1.430000000000000249e+01,1.561982178859396830e-01,3.410507191521772086e+01
1.432000000000000206e+01,1.851396418570432079e-01,3.486156585069620917e+01
1.434000000000000163e+01,2.097619437106120477e-01,3.400000000000000000e+01
1.436000000000000298e+01,2.275157576619087907e-01,3.400000000000000000e+01
1.438000000000000256e+01,2.378782774539709988e-01,3.400000000000000000e+01
1.440000000000000213e+01,2.396142425049784253e-01,3.400000000000000000e+01
1.442000000000000171e+01,2.328758597759805760e-01,3.401667384541927674e+01
1.444000000000000306e+01,2.186479797172442008e-01,3.400000000000000000e+01
1.446000000000000263e+01,1.973621021928233799e-01,3.400000000000000000e+01
1.448000000000000220e+01,1.684051946811546407e-01,3.500000000000000000e+01
1.450000000000000178e+01,1.349589763284891053e-01,3.403543078412246814e+01
1.452000000000000313e+01,9.494476332939956464e-02,3.400000000000000000e+01
1.454000000000000270e+01,5.201467885517048473e-02,3.410553250990181340e+01
1.456000000000000227e+01,7.435804749803833456e-03,3.461472477064402398e+01
1.458000000000000185e+01,-3.654287442248877610e-02,3.500000000000000000e+01
1.460000000000000320e+01,-7.820214974789595208e-02,3.500000000000000000e+01
1.462000000000000277e+01,-1.147699852633114886e-01,3.500000000000000000e+01
1.464000000000000234e+01,-1.441321559269770347e-01,3.418907722947336936e+01
1.466000000000000192e+01,-1.646660426078083439e-01,3.473543706293530420e+01
1.468000000000000327e+01,-1.756408002129059009e-01,3.400000000000000000e+01
1.470000000000000284e+01,-1.764538244611598417e-01,3.482671683913171989e+01
1.472000000000000242e+01,-1.682182905381966742e-01,3.449106491302718069e+01
1.474000000000000199e+01,-1.505125106817555014e-01,3.443554050786175225e+01
1.476000000000000334e+01,-1.264475914564308912e-01,3.400943450942822466e+01
1.478000000000000291e+01,-9.734883046155298758e-02,3.402962566844622927e+01
1.480000000000000249e+01,-6.664940261005775080e-02,3.400000000000000000e+01
1.482000000000000206e+01,-3.640163364350310071e-02,3.400000000000000000e+01
1.484000000000000163e+01,-9.544226908492320707e-03,3.400000000000000000e+01
1.486000000000000298e+01,1.406063486069831538e-02,3.500000000000000000e+01
1.488000000000000256e+01,3.280362830381012423e-02,3.400000000000000000e+01
1.490000000000000213e+01,4.686499630525003957e-02,3.457559523809357671e+01
1.492000000000000171e+01,5.533139352990023435e-02,3.400000000000000000e+01
1.494000000000000306e+01,5.838714373889721670e-02,3.400000000000000000e+01
1.496000000000000263e+01,5.579984840593356366e-02,3.400000000000000000e+01
1.498000000000000220e+01,4.860098960386240868e-02,3.400000000000000000e+01
1.500000000000000178e+01,3.737254312183382887e-02,3.400000000000000000e+01
1.502000000000000313e+01,2.499135597508480786e-02,3.458366228892812444e+01
1.504000000000000270e+01,1.268097490760690046e-02,3.400000000000000000e+01
1.506000000000000227e+01,2.227058042841698147e-03,3.400000000000000000e+01
1.508000000000000185e+01,-4.388287625168994094e-03,3.400000000000000000e+01
1.510000000000000320e+01,-7.951111480205424326e-03,3.401337979093764829e+01
1.512000000000000277e+01,-5.860693050846250973e-03,3.400000000000000000e+01
1.514000000000000234e+01,-6.711165946999680118e-04,3.400000000000000000e+01
1.516000000000000192e+01,7.950979022087162340e-03,3.484471342382955328e+01
1.518000000000000327e+01,1.943415525267915347e-02,3.400000000000000000e+01
1.520000000000000284e+01,3.245237055920967978e-02,3.475158278296244418e+01
1.522000000000000242e+01,4.759475321086760469e-02,3.400000000000000000e+01
1.524000000000000199e+01,6.353873168557049034e-02,3.400000000000000000e+01
1.526000000000000334e+01,7.932367132672958621e-02,3.400000000000000000e+01
1.528000000000000291e+01,9.328520666329555289e-02,3.400000000000000000e+01
1.530000000000000249e+01,1.031915333219338426e-01,3.400000000000000000e+01
1.532000000000000206e+01,1.089349914697607252e-01,3.400000000000000000e+01
1.534000000000000341e+01,1.087208883413948168e-01,3.400000000000000000e+01
1.536000000000000298e+01,1.034416012501329502e-01,3.400000000000000000e+01
1.538000000000000256e+01,9.240786802265323063e-02,3.400000000000000000e+01
1.540000000000000213e+01,7.580512554611201770e-02,3.409659147869449924e+01
1.542000000000000348e+01,5.501195337828009013e-02,3.452686250308205018e+01
1.544000000000000306e+01,3.044751673408149437e-02,3.489850852633932021e+01
1.546000000000000263e+01,2.302757273495326974e-03,3.400000000000000000e+01
1.548000000000000220e+01,-2.753501900928743279e-02,3.400000000000000000e+01
1.550000000000000178e+01,-5.775830623237525330e-02,3.400000000000000000e+01
1.552000000000000313e+01,-8.716052893925636813e-02,3.400000000000000000e+01
1.554000000000000270e+01,-1.123920844070949998e-01,3.400000000000000000e+01
1.556000000000000227e+01,-1.324480616935748978e-01,3.400000000000000000e+01
1.558000000000000185e+01,-1.451116739470351413e-01,3.400000000000000000e+01
1.560000000000000320e+01,-1.500754003556287741e-01,3.400000000000000000e+01
1.562000000000000277e+01,-1.461910887002251247e-01,3.417163338946635065e+01
1.564000000000000234e+01,-1.349064043182199857e-01,3.482496778811504612e+01
1.566000000000000192e+01,-1.176907274754614291e-01,3.400000000000000000e+01
1.568000000000000327e+01,-9.452715328878570633e-02,3.400000000000000000e+01
1.570000000000000284e+01,-6.695369303245045367e-02,3.400000000000000000e+01
1.572000000000000242e+01,-3.714014938282319406e-02,3.455118249534686470e+01
1.574000000000000199e+01,-7.559311877531667972e-03,3.400000000000000000e+01
1.576000000000000334e+01,2.107713701461726152e-02,3.400000000000000000e+01
1.578000000000000291e+01,4.630394854135581884e-02,3.400000000000000000e+01
1.580000000000000249e+01,6.838779618893471579e-02,3.400000000000000000e+01
1.582000000000000206e+01,8.554386281029600914e-02,3.400000000000000000e+01
1.584000000000000341e+01,9.815971893730446318e-02,3.400000000000000000e+01
1.586000000000000298e+01,1.048727681065302342e-01,3.482746999754775175e+01
1.588000000000000256e+01,1.068176339458299512e-01,3.400000000000000000e+01
1.590000000000000213e+01,1.038619885464491105e-01,3.400000000000000000e+01
1.592000000000000348e+01,9.663693158270506012e-02,3.400000000000000000e+01
1.594000000000000306e+01,8.635295509679094539e-02,3.405100110988075812e+01
1.596000000000000263e+01,7.423926606899564073e-02,3.400000000000000000e+01
1.598000000000000220e+01,6.090457770529533743e-02,3.454296479030965372e+01
1.600000000000000355e+01,4.788022212162284380e-02,3.400000000000000000e+01
1.602000000000000313e+01,3.564071570960075652e-02,3.400000000000000000e+01
1.604000000000000270e+01,2.518415858971159021e-02,3.492007563223556588e+01
1.606000000000000227e+01,1.689772275390334991e-02,3.400000000000000000e+01
1.608000000000000540e+01,1.056494920948212318e-02,3.400000000000000000e+01
1.610000000000000497e+01,6.936003446475464719e-03,3.467257009345306784e+01
1.612000000000000455e+01,5.086536618500983077e-03,3.400000000000000000e+01
1.614000000000000412e+01,6.394047267967845755e-03,3.400000000000000000e+01
1.616000000000000369e+01,9.358709968595118819e-03,3.400000000000000000e+01
1.618000000000000327e+01,1.318165268069636763e-02,3.400000000000000000e+01
1.620000000000000284e+01,1.646935034266429690e-02,3.400000000000000000e+01
1.622000000000000597e+01,1.882420386923592051e-02,3.500000000000000000e+01
1.624000000000000554e+01,1.905554675882575183e-02,3.400000000000000000e+01
1.626000000000000512e+01,1.629951738006480896e-02,3.400000000000000000e+01
1.628000000000000469e+01,1.123895019790392691e-02,3.400000000000000000e+01
1.630000000000000426e+01,3.411225154844706436e-03,3.400000000000000000e+01
1.632000000000000384e+01,-6.360034278881497409e-03,3.400000000000000000e+01
1.634000000000000341e+01,-1.703340776349158286e-02,3.400000000000000000e+01
1.636000000000000298e+01,-2.948756465360665227e-02,3.400000000000000000e+01
1.638000000000000611e+01,-4.328742988979739775e-02,3.400000000000000000e+01
1.640000000000000568e+01,-5.758947372920154850e-02,3.400000000000000000e+01
1.642000000000000526e+01,-7.139970872677538216e-02,3.427402386634581433e+01
1.644000000000000483e+01,-8.475241107279399277e-02,3.400000000000000000e+01
1.646000000000000441e+01,-9.386165380904501476e-02,3.400000000000000000e+01
1.648000000000000398e+01,-9.863552879359291370e-02,3.406470529470112751e+01
1.650000000000000355e+01,-9.860816552976298111e-02,3.400000000000000000e+01
1.652000000000000313e+01,-9.309812030206347788e-02,3.400000000000000000e+01
1.654000000000000625e+01,-8.317540145525061102e-02,3.481886332881681767e+01
1.656000000000000583e+01,-6.911698885813644111e-02,3.400000000000000000e+01
1.658000000000000540e+01,-5.267390743657028584e-02,3.400000000000000000e+01
1.660000000000000497e+01,-3.446749226659120285e-02,3.400000000000000000e+01
1.662000000000000455e+01,-1.551964209565585492e-02,3.400000000000000000e+01
1.664000000000000412e+01,3.903867573469447811e-03,3.400000000000000000e+01
1.666000000000000369e+01,2.279973645520605788e-02,3.400000000000000000e+01
1.668000000000000327e+01,3.842028939664089704e-02,3.467381547415327248e+01
1.670000000000000639e+01,5.694314415195299295e-02,3.400000000000000000e+01
1.672000000000000597e+01,7.047655827938048567e-02,3.400000000000000000e+01
1.674000000000000554e+01,8.207301504947275839e-02,3.400000000000000000e+01
1.676000000000000512e+01,8.955381533933880200e-02,3.400000000000000000e+01
1.678000000000000469e+01,9.347597912166462353e-02,3.400000000000000000e+01
1.680000000000000426e+01,9.321351142164809034e-02,3.400000000000000000e+01
1.682000000000000384e+01,9.014292590975056529e-02,3.400000000000000000e+01
1.684000000000000341e+01,8.404792370432351278e-02,3.432582190378417408e+01
1.686000000000000298e+01,7.554176492866161718e-02,3.400000000000000000e+01
1.688000000000000611e+01,6.584112150598753210e-02,3.400000000000000000e+01
1.690000000000000568e+01,5.517381634593918061e-02,3.400000000000000000e+01
1.692000000000000526e+01,4.365093972869827504e-02,3.424345475372784620e+01
1.694000000000000483e+01,3.259572464501497846e-02,3.400000000000000000e+01
1.696000000000000441e+01,2.154091196249187379e-02,3.400000000000000000e+01
1.698000000000000398e+01,1.098199658547942617e-02,3.400000000000000000e+01
1.700000000000000355e+01,1.725728386371346316e-03,3.400000000000000000e+01
1.702000000000000313e+01,-6.384009729727657158e-03,3.434462330369370164e+01
1.704000000000000625e+01,-1.277227409078444953e-02,3.400000000000000000e+01
1.706000000000000583e+01,-1.739362424721811740e-02,3.400000000000000000e+01
1.708000000000000540e+01,-2.029136890156147191e-02,3.400000000000000000e+01
1.710000000000000497e+01,-2.218733067441397769e-02,3.400000000000000000e+01
1.712000000000000455e+01,-2.340109714416050563e-02,3.400000000000000000e+01
1.714000000000000412e+01,-2.437547011044874021e-02,3.400000000000000000e+01
1.716000000000000369e+01,-2.523429757945844232e-02,3.473442372070408624e+01
1.718000000000000327e+01,-2.621655663065597039e-02,3.400000000000000000e+01
1.720000000000000639e+01,-2.725647294361041584e-02,3.485233734939112793e+01
1.722000000000000597e+01,-2.921837452366857213e-02,3.400000000000000000e+01
1.724000000000000554e+01,-3.135533190540117088e-02,3.499040498441764413e+01
1.726000000000000512e+01,-3.397607946445775629e-02,3.409584091998597444e+01
1.728000000000000469e+01,-3.716836091110277407e-02,3.400000000000000000e+01
1.730000000000000426e+01,-4.031064876288407289e-02,3.454468185019538140e+01
1.732000000000000384e+01,-4.321401542339573659e-02,3.400000000000000000e+01
1.734000000000000341e+01,-4.585085760961187668e-02,3.400000000000000000e+01
1.736000000000000654e+01,-4.724324043447690469e-02,3.400000000000000000e+01
1.738000000000000611e+01,-4.749210286806219289e-02,3.400000000000000000e+01
1.740000000000000568e+01,-4.668930832049903584e-02,3.400000000000000000e+01
1.742000000000000526e+01,-4.448544284868359566e-02,3.400000000000000000e+01
1.744000000000000483e+01,-4.031322358579707277e-02,3.451782547302735793e+01
1.746000000000000441e+01,-3.499643010570523127e-02,3.424783275680831451e+01
1.748000000000000398e+01,-2.852408920071478754e-02,3.400000000000000000e+01
1.750000000000000355e+01,-2.122609938469785171e-02,3.400000000000000000e+01
1.752000000000000313e+01,-1.153206707110849757e-02,3.400000000000000000e+01
1.754000000000000625e+01,-1.905505216695247729e-03,3.400000000000000000e+01
1.756000000000000583e+01,8.357546170569891963e-03,3.400000000000000000e+01
1.758000000000000540e+01,1.870662403389997813e-02,3.400000000000000000e+01
1.760000000000000497e+01,2.803934197088685590e-02,3.400000000000000000e+01
1.762000000000000455e+01,3.611973581786030035e-02,3.400000000000000000e+01
1.764000000000000412e+01,4.291024545391940170e-02,3.400000000000000000e+01
1.766000000000000369e+01,4.708891684056629168e-02,3.400000000000000000e+01
1.768000000000000327e+01,4.900545196942620446e-02,3.414540527692268057e+01
1.770000000000000639e+01,4.863680791149473104e-02,3.400000000000000000e+01
1.772000000000000597e+01,4.579738275297489530e-02,3.400000000000000000e+01
1.774000000000000554e+01,4.110169989741468272e-02,3.400000000000000000e+01
1.776000000000000512e+01,3.453671257768067132e-02,3.400000000000000000e+01
1.778000000000000469e+01,2.696567946553865558e-02,3.400000000000000000e+01
1.780000000000000426e+01,1.881621462476351994e-02,3.400000000000000000e+01
1.782000000000000384e+01,1.010185152048621686e-02,3.400000000000000000e+01
1.784000000000000341e+01,9.470857395980254723e-04,3.409760695492695248e+01
1.786000000000000654e+01,-7.006201825039879393e-03,3.423066604126936596e+01
1.788000000000000611e+01,-1.444912170369904054e-02,3.400000000000000000e+01
1.790000000000000568e+01,-1.944829827142253650e-02,3.430669867946606644e+01
1.792000000000000526e+01,-2.377293345422711035e-02,3.400000000000000000e+01
1.794000000000000483e+01,-2.636529479178445837e-02,3.400000000000000000e+01
1.796000000000000441e+01,-2.847351307665833137e-02,3.400000000000000000e+01
1.798000000000000398e+01,-2.892176909594430453e-02,3.400000000000000000e+01
1.800000000000000355e+01,-2.888651443731947085e-02,3.400000000000000000e+01
1.802000000000000313e+01,-2.771527170794955280e-02,3.400000000000000000e+01
1.804000000000000625e+01,-2.579005199632734141e-02,3.400000000000000000e+01
1.806000000000000583e+01,-2.398759191389254058e-02,3.400000000000000000e+01
1.808000000000000540e+01,-2.214167559696464394e-02,3.400000000000000000e+01
1.810000000000000497e+01,-2.085684193006654558e-02,3.422762373672476599e+01
1.812000000000000455e+01,-1.855998823439188386e-02,3.400000000000000000e+01
1.814000000000000412e+01,-1.798575032941885157e-02,3.400000000000000000e+01
1.816000000000000369e+01,-1.754537271957652689e-02,3.400000000000000000e+01
1.818000000000000327e+01,-1.706176364486419392e-02,3.400000000000000000e+01
1.820000000000000639e+01,-1.697886498230715899e-02,3.400000000000000000e+01
1.822000000000000597e+01,-1.707678467548560605e-02,3.400000000000000000e+01
1.824000000000000554e+01,-1.762986682874373434e-02,3.400000000000000000e+01
1.826000000000000512e+01,-1.749159540437538601e-02,3.400000000000000000e+01
1.828000000000000469e+01,-1.704619995116455830e-02,3.400000000000000000e+01
1.830000000000000426e+01,-1.658616726901349439e-02,3.448092540132622474e+01
1.832000000000000384e+01,-1.543878546105935910e-02,3.400000000000000000e+01
1.834000000000000341e+01,-1.365216903850879210e-02,3.400000000000000000e+01
1.836000000000000654e+01,-1.148170628199199871e-02,3.435170812602999035e+01
1.838000000000000611e+01,-8.907419879461054082e-03,3.400000000000000000e+01
1.840000000000000568e+01,-5.589442495855918847e-03,3.400000000000000000e+01
1.842000000000000526e+01,-2.081369721666104927e-03,3.400000000000000000e+01
1.844000000000000483e+01,1.161232374920971328e-03,3.400000000000000000e+01
1.846000000000000441e+01,5.011993129478163611e-03,3.400000000000000000e+01
1.848000000000000398e+01,8.144619683657995310e-03,3.400000000000000000e+01
1.850000000000000355e+01,1.102548691292804667e-02,3.400000000000000000e+01
1.852000000000000668e+01,1.157667293263196090e-02,3.400000000000000000e+01
1.854000000000000625e+01,1.242373788562343810e-02,3.400000000000000000e+01
1.856000000000000583e+01,1.198422490535657088e-02,3.400000000000000000e+01
1.858000000000000540e+01,1.012248182194631398e-02,3.441868475134045724e+01
1.860000000000000497e+01,7.756562024578353073e-03,3.400000000000000000e+01
1.862000000000000455e+01,4.677318697638872640e-03,3.400000000000000000e+01
1.864000000000000412e+01,1.703963856773536845e-03,3.400000000000000000e+01
1.866000000000000369e+01,-1.060017524016761961e-03,3.400000000000000000e+01
1.868000000000000327e+01,-3.584744505877343005e-03,3.400000000000000000e+01
1.870000000000000639e+01,-6.116610630985597728e-03,3.400000000000000000e+01
1.872000000000000597e+01,-7.458219246181589310e-03,3.400000000000000000e+01
1.874000000000000554e+01,-8.138202825442033064e-03,3.400000000000000000e+01
1.876000000000000512e+01,-8.390605397584863234e-03,3.400000000000000000e+01
1.878000000000000469e+01,-7.688088421007046105e-03,3.400000000000000000e+01
1.880000000000000426e+01,-7.085040271015379323e-03,3.400000000000000000e+01
1.882000000000000384e+01,-5.954775363836126850e-03,3.400000000000000000e+01
1.884000000000000341e+01,-4.606176789791169984e-03,3.400000000000000000e+01
1.886000000000000654e+01,-3.229867764170225777e-03,3.400000000000000000e+01
1.888000000000000611e+01,-2.360337847388674099e-03,3.400000000000000000e+01
1.890000000000000568e+01,-1.437028028202295667e-03,3.400000000000000000e+01
1.892000000000000526e+01,-1.041252048013489124e-03,3.400000000000000000e+01
1.894000000000000483e+01,-6.263075405988364130e-04,3.400000000000000000e+01
1.896000000000000441e+01,-1.530977324994582667e-03,3.400000000000000000e+01
1.898000000000000398e+01,-1.054611791671378196e-03,3.400000000000000000e+01
1.900000000000000355e+01,-1.405751955365853491e-03,3.400000000000000000e+01
1.902000000000000668e+01,-1.401380949289473448e-03,3.400000000000000000e+01
1.904000000000000625e+01,-1.553140753664791979e-03,3.400000000000000000e+01
1.906000000000000583e+01,-1.186457530519381383e-03,3.400000000000000000e+01
1.908000000000000540e+01,-8.837077975575784259e-04,3.400000000000000000e+01
1.910000000000000497e+01,-2.632937537587941518e-04,3.400000000000000000e+01
1.912000000000000455e+01,5.552491973785457545e-04,3.400000000000000000e+01
1.914000000000000412e+01,9.587379924285257312e-04,3.400000000000000000e+01
1.916000000000000369e+01,1.468137821561945645e-03,3.400000000000000000e+01
1.918000000000000682e+01,1.875972411190458258e-03,3.400000000000000000e+01
1.920000000000000639e+01,1.988866109155794804e-03,3.400000000000000000e+01
1.922000000000000597e+01,1.455018676943643048e-03,3.400000000000000000e+01
1.924000000000000554e+01,8.823793532304560370e-04,3.400000000000000000e+01
1.926000000000000512e+01,4.982205588519446034e-04,3.400000000000000000e+01
1.928000000000000469e+01,2.219526107328861442e-04,3.368495029418130571e+01
1.930000000000000426e+01,-9.008636596636209392e-04,3.400000000000000000e+01
1.932000000000000384e+01,-1.670007072221542160e-03,3.400000000000000000e+01
1.934000000000000341e+01,-1.864196208748245724e-03,3.400000000000000000e+01
1.936000000000000654e+01,-2.205097382585609073e-03,3.400000000000000000e+01
1.938000000000000611e+01,-2.588592579557019366e-03,3.400000000000000000e+01
1.940000000000000568e+01,-2.182010508752182162e-03,3.400000000000000000e+01
1.942000000000000526e+01,-2.599723597744117189e-03,3.400000000000000000e+01
1.944000000000000483e+01,-2.056973260452425387e-03,3.400000000000000000e+01
1.946000000000000441e+01,-1.832390263892934345e-03,3.400000000000000000e+01
1.948000000000000398e+01,-2.266614651818047582e-03,3.400000000000000000e+01
1.950000000000000355e+01,-2.100723009269725699e-03,3.400000000000000000e+01
1.952000000000000668e+01,-1.599339263697835672e-03,3.400000000000000000e+01
1.954000000000000625e+01,-1.392068066753198883e-03,3.400000000000000000e+01
1.956000000000000583e+01,-1.696828376990145533e-03,3.400000000000000000e+01
1.958000000000000540e+01,-1.013934366348692891e-03,3.400000000000000000e+01
1.960000000000000497e+01,-1.011371543753245613e-03,3.345101214575426951e+01
1.962000000000000455e+01,-1.221233671621329902e-03,3.400000000000000000e+01
1.964000000000000412e+01,-7.304126958039671227e-04,3.400000000000000000e+01
1.966000000000000369e+01,-1.763862354023548100e-04,3.400000000000000000e+01
1.968000000000000682e+01,1.111331147649847144e-04,3.400000000000000000e+01
1.970000000000000639e+01,2.935994887211658237e-04,3.400000000000000000e+01
1.972000000000000597e+01,6.122640520835235340e-04,3.400000000000000000e+01
1.974000000000000554e+01,6.551966873796864071e-04,3.400000000000000000e+01
1.976000000000000512e+01,9.556641555767164979e-04,3.400000000000000000e+01
1.978000000000000469e+01,9.255671645070568179e-04,3.400000000000000000e+01
1.980000000000000426e+01,8.380609801221927798e-04,3.400000000000000000e+01
1.982000000000000384e+01,6.794101602557264157e-04,3.400000000000000000e+01
1.984000000000000696e+01,1.005592555270378130e-04,3.400000000000000000e+01
1.986000000000000654e+01,-2.811752664808981565e-04,3.400000000000000000e+01
1.988000000000000611e+01,-6.729790340494055294e-05,3.400000000000000000e+01
1.990000000000000568e+01,-6.911633562053467496e-04,3.400000000000000000e+01
1.992000000000000526e+01,-8.876163471473302305e-04,3.400000000000000000e+01
1.994000000000000483e+01,-6.872088892603375916e-04,3.400000000000000000e+01
1.996000000000000441e+01,-1.132868108613462174e-03,3.400000000000000000e+01
1.998000000000000398e+01,-1.059760769332797640e-03,3.400000000000000000e+01
2.000000000000000355e+01,-1.138869346357776263e-03,3.400000000000000000e+01
2.002000000000000668e+01,-1.404784609546255334e-03,3.400000000000000000e+01
2.004000000000000625e+01,-1.616139967798418823e-03,3.400000000000000000e+01
2.006000000000000583e+01,-1.680438632322063227e-03,3.400000000000000000e+01
2.008000000000000540e+01,-1.970853648985625498e-03,3.400000000000000000e+01
2.010000000000000497e+01,-1.795486600150480528e-03,3.400000000000000000e+01
2.012000000000000455e+01,-1.893166833879801310e-03,3.400000000000000000e+01
2.014000000000000412e+01,-1.849767716947560122e-03,3.400000000000000000e+01
2.016000000000000369e+01,-1.438106988642788488e-03,3.400000000000000000e+01
2.018000000000000682e+01,-1.054611791671378196e-03,3.400000000000000000e+01
2.020000000000000639e+01,-9.217296185040768771e-04,3.400000000000000000e+01
2.022000000000000597e+01,-4.832357603094826265e-04,3.400000000000000000e+01
2.024000000000000554e+01,-6.266075723018403034e-04,3.400000000000000000e+01
2.026000000000000512e+01,-4.497034728389077041e-04,3.400000000000000000e+01
2.028000000000000469e+01,-1.788412003249485011e-04,3.400000000000000000e+01
2.030000000000000426e+01,6.350345628031705549e-05,3.400000000000000000e+01
2.032000000000000384e+01,2.588473624676115728e-04,3.400000000000000000e+01
2.034000000000000696e+01,9.587379924285257312e-05,3.400000000000000000e+01
2.036000000000000654e+01,2.876213977285577194e-04,3.325814629497913444e+01
2.038000000000000611e+01,4.505788129147023850e-04,3.400000000000000000e+01
2.040000000000000568e+01,4.793689962142628656e-04,3.400000000000000000e+01
2.042000000000000526e+01,2.876213977285577194e-04,3.400000000000000000e+01
2.044000000000000483e+01,-9.587379924285257312e-05,3.400000000000000000e+01
2.046000000000000441e+01,7.688032803204513993e-05,3.400000000000000000e+01
2.048000000000000398e+01,-2.126857901217875239e-04,3.400000000000000000e+01
2.050000000000000711e+01,-3.397601599746540610e-04,3.400000000000000000e+01
2.052000000000000668e+01,-5.025569627394062397e-04,3.400000000000000000e+01
2.054000000000000625e+01,-4.685077746672259343e-04,3.400000000000000000e+01
2.056000000000000583e+01,-6.711165946999680118e-04,3.400000000000000000e+01
2.058000000000000540e+01,-9.318423900016233356e-04,3.400000000000000000e+01
2.060000000000000497e+01,-7.451986419706842701e-04,3.400000000000000000e+01
2.062000000000000455e+01,-1.094805725186686002e-03,3.400000000000000000e+01
2.064000000000000412e+01,-1.342500744188861953e-03,3.400000000000000000e+01
2.066000000000000369e+01,-1.074253401190446589e-03,3.400000000000000000e+01
2.068000000000000682e+01,-1.489051871917500790e-03,3.400000000000000000e+01
2.070000000000000639e+01,-1.671196369164227842e-03,3.400000000000000000e+01
2.072000000000000597e+01,-1.236661198779887959e-03,3.400000000000000000e+01
2.074000000000000554e+01,-1.120432123302798942e-03,3.400000000000000000e+01
2.076000000000000512e+01,-1.516655501857432998e-03,3.400000000000000000e+01
2.078000000000000469e+01,-1.041089804413406145e-03,3.400000000000000000e+01
2.080000000000000426e+01,-1.095486921818615480e-03,3.400000000000000000e+01
2.082000000000000384e+01,-1.045080423701929542e-03,3.400000000000000000e+01
2.084000000000000696e+01,-8.540276501939918956e-04,3.400000000000000000e+01
2.086000000000000654e+01,-6.435825828782729564e-04,3.400000000000000000e+01
2.088000000000000611e+01,-5.424746132577860621e-04,3.400000000000000000e+01
2.090000000000000568e+01,-3.322078231051928902e-04,3.400000000000000000e+01
2.092000000000000526e+01,-4.554466225392038653e-04,3.400000000000000000e+01
2.094000000000000483e+01,8.524311474308863038e-05,3.400000000000000000e+01
2.096000000000000441e+01,-1.131531759651941224e-04,3.400000000000000000e+01
2.098000000000000398e+01,-1.781551092232320393e-04,3.400000000000000000e+01
2.100000000000000711e+01,1.917475984857051462e-04,3.400000000000000000e+01
2.102000000000000668e+01,6.691812419520345003e-05,3.400000000000000000e+01
2.104000000000000625e+01,-2.876213977285577194e-04,3.400000000000000000e+01
2.106000000000000583e+01,-2.693109441336314453e-04,3.400000000000000000e+01
2.108000000000000540e+01,-3.143838271313038803e-04,3.400000000000000000e+01
2.110000000000000497e+01,-3.975601635773071173e-04,3.400000000000000000e+01
2.112000000000000455e+01,-3.916912489123148601e-04,3.400000000000000000e+01
2.114000000000000412e+01,-3.546149612425525182e-04,3.400000000000000000e+01
2.116000000000000725e+01,-3.403241401487932627e-04,3.400000000000000000e+01
2.118000000000000682e+01,-1.917475984857051462e-04,3.400000000000000000e+01
2.120000000000000639e+01,-7.669903939428205850e-04,3.400000000000000000e+01
2.122000000000000597e+01,-9.498441268293288673e-04,3.400000000000000000e+01
2.124000000000000554e+01,-9.101779934088019119e-04,3.400000000000000000e+01
2.126000000000000512e+01,-1.111952356180370390e-03,3.400000000000000000e+01
2.128000000000000469e+01,-9.983612012191009702e-04,3.400000000000000000e+01
2.130000000000000426e+01,-8.518105080958016974e-04,3.400000000000000000e+01
2.132000000000000384e+01,-1.113207515813797446e-03,3.400000000000000000e+01
2.134000000000000696e+01,-9.931752748133153372e-04,3.400000000000000000e+01
2.136000000000000654e+01,-1.218484767841327560e-03,3.400000000000000000e+01
2.138000000000000611e+01,-8.768739859792284031e-04,3.400000000000000000e+01
2.140000000000000568e+01,-8.536735324295427257e-04,3.400000000000000000e+01
2.142000000000000526e+01,-7.003054184108284700e-04,3.400000000000000000e+01
2.144000000000000483e+01,-6.425404180670332872e-04,3.400000000000000000e+01
2.146000000000000441e+01,-6.007198546308987032e-04,3.400000000000000000e+01
2.148000000000000398e+01,-5.964469069820554741e-04,3.400000000000000000e+01
2.150000000000000711e+01,-3.053009501466815421e-04,3.400000000000000000e+01
2.152000000000000668e+01,-6.587827388216974068e-04,3.400000000000000000e+01
2.154000000000000625e+01,-5.963749938423195231e-04,3.400000000000000000e+01
2.156000000000000583e+01,-2.876213977285577194e-04,3.400000000000000000e+01
2.158000000000000540e+01,-2.769857598049908884e-04,3.400000000000000000e+01
2.160000000000000497e+01,-4.169776483149389675e-04,3.400000000000000000e+01
2.162000000000000455e+01,-5.497659432992390866e-04,3.400000000000000000e+01
2.164000000000000412e+01,-5.032424567416622771e-04,3.400000000000000000e+01
2.166000000000000725e+01,-6.406347773335672579e-04,3.400000000000000000e+01
2.168000000000000682e+01,-3.429098279157538772e-04,3.400000000000000000e+01
2.170000000000000639e+01,-6.183587395536423430e-04,3.400000000000000000e+01
2.172000000000000597e+01,-6.711165946999680118e-04,3.400000000000000000e+01
2.174000000000000554e+01,-5.752427954571154387e-04,3.400000000000000000e+01
2.176000000000000512e+01,-3.355407941484531641e-04,3.400000000000000000e+01
2.178000000000000469e+01,-6.527346768094779029e-04,3.400000000000000000e+01
2.180000000000000426e+01,-9.408949380969571646e-04,3.400000000000000000e+01
2.182000000000000739e+01,-1.228349634190303461e-03,3.400000000000000000e+01
2.184000000000000696e+01,-9.220039940281281625e-04,3.400000000000000000e+01
2.186000000000000654e+01,-9.434280627260470745e-04,3.400000000000000000e+01
2.188000000000000611e+01,-5.471930686176680429e-04,3.400000000000000000e+01
2.190000000000000568e+01,-6.509786513974599254e-04,3.400000000000000000e+01
2.192000000000000526e+01,-1.047604101231847714e-03,3.400000000000000000e+01
2.194000000000000483e+01,-7.696078417425659002e-04,3.400000000000000000e+01
2.196000000000000441e+01,-6.854836797541609145e-04,3.400000000000000000e+01
2.198000000000000398e+01,-7.267360310411461778e-04,3.400000000000000000e+01
2.200000000000000711e+01,-4.336375831770041466e-04,3.400000000000000000e+01
2.202000000000000668e+01,-8.625652710756673714e-04,3.400000000000000000e+01
2.204000000000000625e+01,-3.933063494261968582e-04,3.400000000000000000e+01
2.206000000000000583e+01,-6.277523211545139826e-04,3.400000000000000000e+01
2.208000000000000540e+01,5.353489377455080198e-05,3.400000000000000000e+01
2.210000000000000497e+01,-5.965662786534323397e-04,3.400000000000000000e+01
2.212000000000000455e+01,-4.784730761485320172e-04,3.400000000000000000e+01
2.214000000000000412e+01,-1.105075875654611389e-03,3.400000000000000000e+01
2.216000000000000725e+01,-5.837126883909984042e-04,3.400000000000000000e+01
2.218000000000000682e+01,-5.698954554949843456e-04,3.400000000000000000e+01
2.220000000000000639e+01,-4.210703291384574340e-04,3.400000000000000000e+01
2.222000000000000597e+01,-4.847814289551581157e-04,3.400000000000000000e+01
2.224000000000000554e+01,-6.706521700636221359e-04,3.400000000000000000e+01
2.226000000000000512e+01,-4.793689962142628656e-04,3.400000000000000000e+01
2.228000000000000469e+01,-7.479149990949459032e-04,3.400000000000000000e+01
2.230000000000000426e+01,-3.077016764749361403e-04,3.400000000000000000e+01
2.232000000000000739e+01,-5.456253490610821167e-04,3.400000000000000000e+01
2.234000000000000696e+01,-7.486666440414555196e-04,3.400000000000000000e+01
2.236000000000000654e+01,-6.093817910154511507e-04,3.400000000000000000e+01
2.238000000000000611e+01,-8.777330420501062427e-04,3.400000000000000000e+01
2.240000000000000568e+01,-6.635432508968863285e-04,3.400000000000000000e+01
2.242000000000000526e+01,-5.752427954571154387e-04,3.400000000000000000e+01
2.244000000000000483e+01,-9.994024831287788829e-04,3.400000000000000000e+01
2.246000000000000441e+01,-7.324065605622967837e-04,3.400000000000000000e+01
2.248000000000000753e+01,-5.479089614487764413e-04,3.400000000000000000e+01
2.250000000000000711e+01,-6.795199642470570482e-04,3.400000000000000000e+01
2.252000000000000668e+01,-1.010171516996264405e-03,3.400000000000000000e+01
2.254000000000000625e+01,-5.752427954571154387e-04,3.400000000000000000e+01
2.256000000000000583e+01,-7.773573626614899276e-04,3.400000000000000000e+01
2.258000000000000540e+01,-6.778047732244040511e-04,3.400000000000000000e+01
2.260000000000000497e+01,-6.884211117372323555e-04,3.400000000000000000e+01
2.262000000000000455e+01,-6.649721474062367417e-04,3.400000000000000000e+01
2.264000000000000412e+01,-8.919370395664594654e-04,3.400000000000000000e+01
2.266000000000000725e+01,-5.933288699761411029e-04,3.316227107997835333e+01
2.268000000000000682e+01,-5.590222943823631606e-04,3.400000000000000000e+01
2.270000000000000639e+01,-4.495935561266658533e-04,3.400000000000000000e+01
2.272000000000000597e+01,-6.467713945808732700e-04,3.400000000000000000e+01
2.274000000000000554e+01,-6.327719404610842972e-04,3.400000000000000000e+01
2.276000000000000512e+01,-1.218832756865434436e-04,3.400000000000000000e+01
2.278000000000000469e+01,-7.629628813399984364e-04,3.400000000000000000e+01
2.280000000000000426e+01,-9.740103396347098760e-04,3.400000000000000000e+01
2.282000000000000739e+01,-9.543257058692099877e-04,3.400000000000000000e+01
2.284000000000000696e+01,-5.914644959154575577e-04,3.400000000000000000e+01
2.286000000000000654e+01,-5.307315072485636800e-04,3.400000000000000000e+01
2.288000000000000611e+01,-8.587683417063567744e-04,3.400000000000000000e+01
2.290000000000000568e+01,-6.396380899508453738e-04,3.400000000000000000e+01
2.292000000000000526e+01,-9.105021230838395525e-04,3.400000000000000000e+01
2.294000000000000483e+01,-7.260160393598619503e-04,3.400000000000000000e+01
2.296000000000000441e+01,-3.812596915074381197e-04,3.400000000000000000e+01
2.298000000000000753e+01,-8.097700631855852572e-04,3.400000000000000000e+01
2.300000000000000711e+01,-1.248643747826510804e-03,3.400000000000000000e+01
2.302000000000000668e+01,-2.876213977285577194e-04,3.400000000000000000e+01
2.304000000000000625e+01,-7.700801915434456277e-04,3.400000000000000000e+01
2.306000000000000583e+01,-4.042192593895684591e-04,3.400000000000000000e+01
2.308000000000000540e+01,-6.441517519555687004e-04,3.400000000000000000e+01
2.310000000000000497e+01,-5.752427954571154387e-04,3.360710253998609431e+01
2.312000000000000455e+01,-5.754068015918920248e-04,3.400000000000000000e+01
2.314000000000000767e+01,-5.212208444938428841e-04,3.400000000000000000e+01
2.316000000000000725e+01,-5.752427954571154387e-04,3.400000000000000000e+01
2.318000000000000682e+01,-8.189657501249452895e-04,3.400000000000000000e+01
2.320000000000000639e+01,-6.070139116759185657e-04,3.400000000000000000e+01
2.322000000000000597e+01,-5.978673614540514500e-04,3.400000000000000000e+01
2.324000000000000554e+01,-6.899070073509391051e-04,3.400000000000000000e+01
2.326000000000000512e+01,-2.045720174720248093e-04,3.400000000000000000e+01
2.328000000000000469e+01,-9.462780895293593448e-04,3.312996150144842744e+01
2.330000000000000426e+01,-5.857994876903161027e-04,3.400000000000000000e+01
2.332000000000000739e+01,-8.746437659248270692e-04,3.300000000000000000e+01
2.334000000000000696e+01,-9.100089433294735819e-04,3.400000000000000000e+01
2.336000000000000654e+01,-6.171606661800100885e-04,3.344534759358926124e+01
2.338000000000000611e+01,-8.180500894319539919e-04,3.400000000000000000e+01
2.340000000000000568e+01,-7.467142344999243547e-04,3.300000000000000000e+01
2.342000000000000526e+01,-6.370322073164144108e-04,3.400000000000000000e+01
2.344000000000000483e+01,-3.554424196643407976e-04,3.400000000000000000e+01
2.346000000000000441e+01,-6.408902674824042524e-04,3.400000000000000000e+01
2.348000000000000753e+01,-4.749756603509133670e-04,3.400000000000000000e+01
2.350000000000000711e+01,-8.434053074345474171e-04,3.339851822966858919e+01
2.352000000000000668e+01,-7.714745736142765951e-04,3.304677169056477481e+01
2.354000000000000625e+01,-1.008590579343351902e-03,3.400000000000000000e+01
2.356000000000000583e+01,-4.944344475753052444e-04,3.307856917885813886e+01
2.358000000000000540e+01,-9.042638921567414806e-04,3.400000000000000000e+01
2.360000000000000497e+01,-6.628380861929945942e-04,3.400000000000000000e+01
2.362000000000000455e+01,-6.711165946999680118e-04,3.400000000000000000e+01
2.364000000000000767e+01,-5.368200983794464351e-04,3.339980918305860058e+01
2.366000000000000725e+01,-5.253202861845463487e-04,3.400000000000000000e+01
2.368000000000000682e+01,-6.446145564536818031e-04,3.300000000000000000e+01
2.370000000000000639e+01,-6.144019979136285635e-04,3.400000000000000000e+01
2.372000000000000597e+01,-7.669903939428205850e-04,3.400000000000000000e+01
2.374000000000000554e+01,-8.628641931856731581e-04,3.400000000000000000e+01
2.376000000000000512e+01,-5.903554354870142696e-04,3.300000000000000000e+01
2.378000000000000469e+01,-7.220589583497025784e-04,3.300000000000000000e+01
2.380000000000000426e+01,-3.636422887200708130e-04,3.400000000000000000e+01
2.382000000000000739e+01,-8.728271837696012720e-04,3.336797258709751191e+01
2.384000000000000696e+01,-7.376296616074890173e-04,3.400000000000000000e+01
2.386000000000000654e+01,-5.584146629302914151e-04,3.360815873693778855e+01
2.388000000000000611e+01,-5.374154326064480231e-04,3.300000000000000000e+01
2.390000000000000568e+01,-6.851401500271620156e-04,3.400000000000000000e+01
2.392000000000000526e+01,-8.046391697189234906e-04,3.300000000000000000e+01
2.394000000000000483e+01,-4.146427099678872200e-04,3.367511965477054758e+01
2.396000000000000441e+01,-6.030478226094565736e-04,3.400000000000000000e+01
2.398000000000000753e+01,-3.568736576604901499e-04,3.363883636364241170e+01
2.400000000000000711e+01,-7.669903939428205850e-04,3.391524402489861245e+01
2.402000000000000668e+01,-7.462578848304206921e-04,3.339187604290154354e+01
2.404000000000000625e+01,-3.834951969714102925e-04,3.400000000000000000e+01
2.406000000000000583e+01,-8.304520099605081909e-04,3.333096433289838245e+01
2.408000000000000540e+01,-8.406245846538122277e-04,3.300000000000000000e+01
2.410000000000000497e+01,-7.669903939428205850e-04,3.356977086399429311e+01
2.412000000000000455e+01,-5.230661995971776354e-04,3.300000000000000000e+01
2.414000000000000767e+01,-5.923010179654902537e-04,3.400000000000000000e+01
2.416000000000000725e+01,-6.695891255692253217e-04,3.300000000000000000e+01
2.418000000000000682e+01,-9.116778762641023545e-04,3.450914518318797519e+01
2.420000000000000639e+01,-5.359347287121484123e-04,3.300000000000000000e+01
2.422000000000000597e+01,-6.468820816499232500e-04,3.300000000000000000e+01
2.424000000000000554e+01,-6.990080674952746549e-04,3.343030620466896607e+01
2.426000000000000512e+01,-6.340164376696144676e-04,3.300000000000000000e+01
2.428000000000000469e+01,-7.839004942313490152e-04,3.300000000000000000e+01
2.430000000000000782e+01,-5.787445452167558173e-04,3.303652457488171734e+01
2.432000000000000739e+01,-7.023703050654082772e-04,3.316299401198378405e+01
2.434000000000000696e+01,-5.384973396014799442e-04,3.300000000000000000e+01
2.436000000000000654e+01,-7.214973019181583147e-04,3.373725508107499849e+01
2.438000000000000611e+01,-1.018290274559731758e-03,3.368942358286877692e+01
2.440000000000000568e+01,-5.429474335506151179e-04,3.400000000000000000e+01
2.442000000000000526e+01,-5.415824836497282104e-04,3.300000000000000000e+01
2.444000000000000483e+01,-4.793689962142628656e-04,3.306065764022775255e+01
2.446000000000000441e+01,-6.610750996736482503e-04,3.377618414808222269e+01
2.448000000000000753e+01,-5.752427954571154387e-04,3.400000000000000000e+01
2.450000000000000711e+01,-4.963845419802176461e-04,3.300000000000000000e+01
2.452000000000000668e+01,-4.577590503368965088e-04,3.300000000000000000e+01
2.454000000000000625e+01,-4.268029800067426921e-04,3.300000000000000000e+01
2.456000000000000583e+01,-6.633383779034073219e-04,3.341698146513141410e+01
2.458000000000000540e+01,-3.963583572694957011e-04,3.318902793811529506e+01
2.460000000000000497e+01,-2.876213977285577194e-04,3.378810362693867830e+01
2.462000000000000455e+01,-7.150056551701611815e-04,3.349396850087868671e+01
2.464000000000000767e+01,-7.072716513376428767e-04,3.400000000000000000e+01
2.466000000000000725e+01,-8.337954857514279271e-04,3.384840119165084360e+01
2.468000000000000682e+01,-6.965055081352032260e-04,3.324506134232105126e+01
2.470000000000000639e+01,-3.751240638419192815e-04,3.300000000000000000e+01
2.472000000000000597e+01,-3.074056970173973200e-04,3.379364227301846313e+01
2.474000000000000554e+01,-3.312639192166672367e-04,3.345520801128952115e+01
2.476000000000000512e+01,-7.049469588692569132e-04,3.300000000000000000e+01
2.478000000000000469e+01,-2.362737911892967828e-04,3.300000000000000000e+01
2.480000000000000782e+01,-7.089182641142491390e-04,3.300000000000000000e+01
2.482000000000000739e+01,-5.752427954571154387e-04,3.300000000000000000e+01
2.484000000000000696e+01,-6.780323479640372117e-04,3.300000000000000000e+01
2.486000000000000654e+01,-9.001089942052292606e-04,3.300000000000000000e+01
2.488000000000000611e+01,-8.374976230070445889e-04,3.300000000000000000e+01
2.490000000000000568e+01,-3.579395387824054527e-04,3.375236502627237201e+01
2.492000000000000526e+01,-7.232426549622607758e-04,3.400000000000000000e+01
2.494000000000000483e+01,-6.033598364316404561e-04,3.329327137545997317e+01
2.496000000000000796e+01,-8.466014798205775786e-04,3.400000000000000000e+01
2.498000000000000753e+01,-6.757537884567467977e-04,3.300000000000000000e+01
2.500000000000000711e+01,-6.672863881209587737e-04,3.300000000000000000e+01
2.502000000000000668e+01,-6.937743407353934343e-04,3.388183556814082209e+01
2.504000000000000625e+01,-6.668239295564219434e-04,3.304477412157906002e+01
2.506000000000000583e+01,-7.077151162340963864e-04,3.384543410666719865e+01
2.508000000000000540e+01,-8.006756622310664661e-04,3.300000000000000000e+01
2.510000000000000497e+01,-7.551676783890919195e-04,3.300000000000000000e+01
2.512000000000000455e+01,-3.282494357275706908e-04,3.342376580796699415e+01
2.514000000000000767e+01,-3.910226964548201771e-04,3.346074266617753068e+01
2.516000000000000725e+01,-8.275566668290620367e-04,3.300000000000000000e+01
2.518000000000000682e+01,-4.677838925301805039e-04,3.300000000000000000e+01
2.520000000000000639e+01,-8.723297569867522827e-04,3.400000000000000000e+01
2.522000000000000597e+01,-6.420926894319463514e-04,3.300000000000000000e+01
2.524000000000000554e+01,-5.437237992003621104e-04,3.300000000000000000e+01
2.526000000000000512e+01,-2.731443366963098971e-04,3.300000000000000000e+01
2.528000000000000469e+01,-8.334840381310131083e-04,3.300000000000000000e+01
2.530000000000000782e+01,-4.389181329705883175e-04,3.300000000000000000e+01
2.532000000000000739e+01,-5.253483300716151397e-04,3.300000000000000000e+01
2.534000000000000696e+01,-5.977512188234941452e-04,3.300000000000000000e+01
2.536000000000000654e+01,-2.679269740979489862e-04,3.379457971013830786e+01
2.538000000000000611e+01,-6.661239549313078753e-04,3.321041502435094372e+01
2.540000000000000568e+01,-2.230782642273793504e-04,3.310893023255259493e+01
2.542000000000000526e+01,-6.728354352825070784e-04,3.300000000000000000e+01
2.544000000000000483e+01,-2.231374610604789006e-04,3.400000000000000000e+01
2.546000000000000796e+01,-5.968084024078826192e-04,3.300000000000000000e+01
2.548000000000000753e+01,-5.752427954571154387e-04,3.300000000000000000e+01
2.550000000000000711e+01,-5.380820209632534339e-04,3.312920031258916254e+01
2.552000000000000668e+01,-3.190665246355082790e-04,3.300000000000000000e+01
2.554000000000000625e+01,-7.669903939428205850e-04,3.320747734859948253e+01
2.556000000000000583e+01,-6.506127751599378225e-04,3.310693129771614451e+01
2.558000000000000540e+01,-7.480277315840975138e-04,3.300000000000000000e+01
2.560000000000000497e+01,-3.260068084141846565e-04,3.313345811886309633e+01
2.562000000000000810e+01,-5.133069016701224041e-04,3.300000000000000000e+01
2.564000000000000767e+01,-8.528997769289427917e-04,3.396535578946690492e+01
2.566000000000000725e+01,-6.070772963696247256e-04,3.383397705544206246e+01
2.568000000000000682e+01,-6.897441535333631623e-04,3.300000000000000000e+01
2.570000000000000639e+01,-6.609064830884111294e-04,3.300000000000000000e+01
2.572000000000000597e+01,-6.711165946999680118e-04,3.300000000000000000e+01
2.574000000000000554e+01,-7.055248250295403619e-04,3.354703637976414399e+01
2.576000000000000512e+01,-6.165625057506933559e-04,3.300000000000000000e+01
2.578000000000000469e+01,-7.559574918593155645e-04,3.300000000000000000e+01
2.580000000000000782e+01,-2.476668829375753850e-04,3.300000000000000000e+01
2.582000000000000739e+01,-7.569058906157504103e-04,3.300000000000000000e+01
2.584000000000000696e+01,-9.488352145832733286e-04,3.300000000000000000e+01
2.586000000000000654e+01,-6.090307581274283363e-04,3.300000000000000000e+01
2.588000000000000611e+01,-6.239859355336468310e-04,3.300000000000000000e+01
2.590000000000000568e+01,-7.179176700256615718e-04,3.300000000000000000e+01
2.592000000000000526e+01,-6.884372420325399200e-04,3.300000000000000000e+01
2.594000000000000483e+01,-2.404528564958995074e-04,3.300000000000000000e+01
2.596000000000000796e+01,-4.349534399333581020e-04,3.300000000000000000e+01
2.598000000000000753e+01,-7.104529518083123763e-04,3.300000000000000000e+01
2.600000000000000711e+01,-6.193051924205008728e-04,3.300000000000000000e+01
2.602000000000000668e+01,-9.877372350057748562e-04,3.300000000000000000e+01
2.604000000000000625e+01,-7.583281042099861884e-04,3.300000000000000000e+01
2.606000000000000583e+01,-1.325831768854053745e-03,3.300000000000000000e+01
2.608000000000000540e+01,-4.129934075469109405e-04,3.300000000000000000e+01
2.610000000000000497e+01,-4.793689962142628656e-04,3.383092281470151619e+01
2.612000000000000810e+01,-4.875264111225304496e-04,3.300000000000000000e+01
