0.000000000000000000e+00,1.236292641236584000e+00,5.200000000000000000e+01
2.000000000000000042e-02,1.225521686462692772e+00,5.100000000000000000e+01
4.000000000000000083e-02,1.211559604049041949e+00,5.100000000000000000e+01
5.999999999999999778e-02,1.188250700594208231e+00,5.100000000000000000e+01
8.000000000000000167e-02,1.154696029845800220e+00,5.100000000000000000e+01
1.000000000000000056e-01,1.114359309989232827e+00,5.128928809048569804e+01
1.199999999999999956e-01,1.067262628439090699e+00,5.100000000000000000e+01
1.400000000000000133e-01,1.011007596219806404e+00,5.100000000000000000e+01
1.600000000000000033e-01,9.475206375700514494e-01,5.100000000000000000e+01
1.799999999999999933e-01,8.781050019841440957e-01,5.100000000000000000e+01
2.000000000000000111e-01,8.022430091116842243e-01,5.100000000000000000e+01
2.200000000000000011e-01,7.183041141658836892e-01,5.100000000000000000e+01
2.399999999999999911e-01,6.313131523550269408e-01,5.100000000000000000e+01
2.600000000000000089e-01,5.398959113013898081e-01,5.100000000000000000e+01
2.800000000000000266e-01,4.439594191351838859e-01,5.100000000000000000e+01
2.999999999999999889e-01,3.449549780980941671e-01,5.100000000000000000e+01
3.200000000000000067e-01,2.448331047275339178e-01,5.100000000000000000e+01
3.400000000000000244e-01,1.448356807303311511e-01,5.100000000000000000e+01
3.599999999999999867e-01,4.417891807776656854e-02,5.100000000000000000e+01
3.800000000000000044e-01,-5.057569348694736927e-02,5.100000000000000000e+01
4.000000000000000222e-01,-1.475770600766155849e-01,5.100000000000000000e+01
4.199999999999999845e-01,-2.416060144035117041e-01,5.100000000000000000e+01
4.400000000000000022e-01,-3.327579369108710772e-01,5.100000000000000000e+01
4.600000000000000200e-01,-4.172755244935416052e-01,5.100000000000000000e+01
4.799999999999999822e-01,-4.983453631658962824e-01,5.100000000000000000e+01
5.000000000000000000e-01,-5.731785045535268130e-01,5.100000000000000000e+01
5.200000000000000178e-01,-6.413756921597079108e-01,5.100000000000000000e+01
5.400000000000000355e-01,-7.028648313167999984e-01,5.100000000000000000e+01
5.600000000000000533e-01,-7.562936182871695667e-01,5.100000000000000000e+01
5.799999999999999600e-01,-8.025887928171629992e-01,5.100000000000000000e+01
5.999999999999999778e-01,-8.407136755889789148e-01,5.100000000000000000e+01
6.199999999999999956e-01,-8.709086941308011864e-01,5.100000000000000000e+01
6.400000000000000133e-01,-8.930886786740683814e-01,5.100000000000000000e+01
6.600000000000000311e-01,-9.075691311783791182e-01,5.100000000000000000e+01
6.800000000000000488e-01,-9.134685472582965149e-01,5.100000000000000000e+01
7.000000000000000666e-01,-9.118195594688214278e-01,5.100000000000000000e+01
7.199999999999999734e-01,-9.029694810869951516e-01,5.100000000000000000e+01
7.399999999999999911e-01,-8.857990981463731428e-01,5.100000000000000000e+01
7.600000000000000089e-01,-8.615873751324959473e-01,5.100000000000000000e+01
7.800000000000000266e-01,-8.305817606422238875e-01,5.100000000000000000e+01
8.000000000000000444e-01,-7.922594963172950866e-01,5.100000000000000000e+01
8.200000000000000622e-01,-7.474885783223954583e-01,5.100000000000000000e+01
8.399999999999999689e-01,-6.964053031121337778e-01,5.100000000000000000e+01
8.599999999999999867e-01,-6.409321367522411439e-01,5.100000000000000000e+01
8.800000000000000044e-01,-5.781212399676894931e-01,5.100000000000000000e+01
9.000000000000000222e-01,-5.117576388096676254e-01,5.100000000000000000e+01
9.200000000000000400e-01,-4.418358272025608158e-01,5.100000000000000000e+01
9.400000000000000577e-01,-3.683493727808585527e-01,5.033388864911518112e+01
9.599999999999999645e-01,-2.921813393755507415e-01,5.100000000000000000e+01
9.799999999999999822e-01,-2.141840125961717578e-01,5.000000000000000000e+01
1.000000000000000000e+00,-1.356203757385380515e-01,5.000000000000000000e+01
1.020000000000000018e+00,-5.613391234876913966e-02,5.044795949812900915e+01
1.040000000000000036e+00,1.758235938133572568e-02,5.000000000000000000e+01
1.060000000000000053e+00,9.303780426333528586e-02,5.000000000000000000e+01
1.080000000000000071e+00,1.702565258870640530e-01,5.000000000000000000e+01
1.100000000000000089e+00,2.446884373222937004e-01,5.037966719854105691e+01
1.120000000000000107e+00,3.154517936511956888e-01,5.072943265482883390e+01
1.140000000000000124e+00,3.827871633498594051e-01,5.000000000000000000e+01
1.159999999999999920e+00,4.457400464199752221e-01,5.000000000000000000e+01
1.179999999999999938e+00,5.039647520073917697e-01,5.095446996056593036e+01
1.199999999999999956e+00,5.556040433031914638e-01,5.000000000000000000e+01
1.219999999999999973e+00,6.020682476876454414e-01,5.071816437213180961e+01
1.239999999999999991e+00,6.428907651257810274e-01,5.007590087073006657e+01
1.260000000000000009e+00,6.771691763765839145e-01,5.008901348170339674e+01
1.280000000000000027e+00,7.046175520648754187e-01,5.000000000000000000e+01
1.300000000000000044e+00,7.264199227585940166e-01,5.000000000000000000e+01
1.320000000000000062e+00,7.410738142005152129e-01,5.000000000000000000e+01
1.340000000000000080e+00,7.500238370618644845e-01,5.000000000000000000e+01
1.360000000000000098e+00,7.518732812376465180e-01,5.000000000000000000e+01
1.380000000000000115e+00,7.472070981516883981e-01,5.093054797584422033e+01
1.400000000000000133e+00,7.363706498500464104e-01,5.000000000000000000e+01
1.419999999999999929e+00,7.192482998880955769e-01,5.000000000000000000e+01
1.439999999999999947e+00,6.964223016286367196e-01,5.000000000000000000e+01
1.459999999999999964e+00,6.686817185086788573e-01,5.000000000000000000e+01
1.479999999999999982e+00,6.349409898251342499e-01,5.000000000000000000e+01
1.500000000000000000e+00,5.964378505552972998e-01,5.058276020174231746e+01
1.520000000000000018e+00,5.534478490049182797e-01,5.000000000000000000e+01
1.540000000000000036e+00,5.062291440469935955e-01,5.000000000000000000e+01
1.560000000000000053e+00,4.549441515279520343e-01,5.000000000000000000e+01
1.580000000000000071e+00,3.993684186807103798e-01,5.000000000000000000e+01
1.600000000000000089e+00,3.415103394711835882e-01,5.000000000000000000e+01
1.620000000000000107e+00,2.816855250977127190e-01,5.000000000000000000e+01
1.640000000000000124e+00,2.199665690062781453e-01,5.000000000000000000e+01
1.660000000000000142e+00,1.571095611190878039e-01,5.000000000000000000e+01
1.679999999999999938e+00,9.488683909676590145e-02,5.000000000000000000e+01
1.699999999999999956e+00,3.393948487662049041e-02,5.000000000000000000e+01
1.719999999999999973e+00,-1.887633632619594229e-02,5.000000000000000000e+01
1.739999999999999991e+00,-7.625924307637803323e-02,5.000000000000000000e+01
1.760000000000000009e+00,-1.352867674418674893e-01,5.000000000000000000e+01
1.780000000000000027e+00,-1.926985265625908161e-01,5.000000000000000000e+01
1.800000000000000044e+00,-2.460592074066926538e-01,5.000000000000000000e+01
1.820000000000000062e+00,-2.964318458066875217e-01,5.000000000000000000e+01
1.840000000000000080e+00,-3.430912122856402680e-01,5.000000000000000000e+01
1.860000000000000098e+00,-3.847316668543839802e-01,5.000000000000000000e+01
1.880000000000000115e+00,-4.228712891099705162e-01,5.000000000000000000e+01
1.900000000000000133e+00,-4.558753350787915215e-01,5.000000000000000000e+01
1.919999999999999929e+00,-4.845505185917832747e-01,5.000000000000000000e+01
1.939999999999999947e+00,-5.074761643094474195e-01,5.000000000000000000e+01
1.959999999999999964e+00,-5.256506970359258180e-01,5.000000000000000000e+01
1.979999999999999982e+00,-5.383551931935114387e-01,5.000000000000000000e+01
2.000000000000000000e+00,-5.460922469059412698e-01,5.000000000000000000e+01
2.020000000000000018e+00,-5.477330434739754450e-01,5.000000000000000000e+01
2.040000000000000036e+00,-5.441120302733106762e-01,4.964717039663188558e+01
2.060000000000000053e+00,-5.356927381739647887e-01,5.000000000000000000e+01
2.080000000000000071e+00,-5.222303520860133164e-01,5.000000000000000000e+01
2.100000000000000089e+00,-5.037877294205561629e-01,4.964138551506964347e+01
2.120000000000000107e+00,-4.815254121103323959e-01,4.900000000000000000e+01
2.140000000000000124e+00,-4.546379095671808646e-01,4.956818505338090119e+01
2.160000000000000142e+00,-4.234596308057173020e-01,4.900000000000000000e+01
2.180000000000000160e+00,-3.894563859968145914e-01,4.900000000000000000e+01
2.200000000000000178e+00,-3.518715907487302563e-01,4.900000000000000000e+01
2.220000000000000195e+00,-3.114027992917470233e-01,4.967959018143027095e+01
2.240000000000000213e+00,-2.683622791156894394e-01,4.992480424684784168e+01
2.260000000000000231e+00,-2.228448286282191104e-01,4.900000000000000000e+01
2.280000000000000249e+00,-1.759174149031249301e-01,4.900000000000000000e+01
2.300000000000000266e+00,-1.270213326518276620e-01,4.900000000000000000e+01
2.319999999999999840e+00,-7.763660096900495966e-02,4.900000000000000000e+01
2.339999999999999858e+00,-3.215472589695862055e-02,4.900000000000000000e+01
2.359999999999999876e+00,6.720780153169514382e-03,4.900000000000000000e+01
2.379999999999999893e+00,4.599987081714400350e-02,4.913930188280102840e+01
2.399999999999999911e+00,9.196521219884351561e-02,4.900000000000000000e+01
2.419999999999999929e+00,1.386684819903976074e-01,4.900000000000000000e+01
2.439999999999999947e+00,1.836560201572193241e-01,4.969991924629884039e+01
2.459999999999999964e+00,2.264458903575662374e-01,4.900000000000000000e+01
2.479999999999999982e+00,2.664924496545904020e-01,4.968262177328846008e+01
2.500000000000000000e+00,3.047151577118596966e-01,4.900000000000000000e+01
2.520000000000000018e+00,3.385286782545310347e-01,4.900000000000000000e+01
2.540000000000000036e+00,3.695203145067241790e-01,4.900000000000000000e+01
2.560000000000000053e+00,3.959640956249755872e-01,4.921033353068872884e+01
2.580000000000000071e+00,4.188722275400652006e-01,4.900000000000000000e+01
2.600000000000000089e+00,4.372704468890076801e-01,4.900000000000000000e+01
2.620000000000000107e+00,4.508118256195746132e-01,4.900000000000000000e+01
2.640000000000000124e+00,4.603393002310685045e-01,4.900000000000000000e+01
2.660000000000000142e+00,4.648312837678013620e-01,4.900000000000000000e+01
2.680000000000000160e+00,4.644959802086367495e-01,4.900000000000000000e+01
2.700000000000000178e+00,4.599553269457512528e-01,4.900000000000000000e+01
2.720000000000000195e+00,4.512460984657200025e-01,4.900000000000000000e+01
2.740000000000000213e+00,4.378266231711119283e-01,4.900000000000000000e+01
2.760000000000000231e+00,4.207420388703965175e-01,4.900000000000000000e+01
2.780000000000000249e+00,4.001971742185500558e-01,4.900000000000000000e+01
2.800000000000000266e+00,3.754983691104061272e-01,4.900000000000000000e+01
2.819999999999999840e+00,3.483406191597179236e-01,4.900000000000000000e+01
2.839999999999999858e+00,3.186212386802033669e-01,4.900000000000000000e+01
2.859999999999999876e+00,2.859591750144701017e-01,4.900000000000000000e+01
2.879999999999999893e+00,2.516801003403033588e-01,4.900000000000000000e+01
2.899999999999999911e+00,2.152794921255097305e-01,4.900000000000000000e+01
2.919999999999999929e+00,1.786088087053448459e-01,4.900000000000000000e+01
2.939999999999999947e+00,1.406819963735236323e-01,4.900000000000000000e+01
2.959999999999999964e+00,1.029937609293258421e-01,4.900000000000000000e+01
2.979999999999999982e+00,6.547851432471137045e-02,4.900000000000000000e+01
3.000000000000000000e+00,3.380933627806258224e-02,4.900000000000000000e+01
3.020000000000000018e+00,1.004464744557073512e-02,4.900000000000000000e+01
3.040000000000000036e+00,-9.683769009718561083e-03,4.900000000000000000e+01
3.060000000000000053e+00,-3.380639582417419020e-02,4.900000000000000000e+01
3.080000000000000071e+00,-6.470753437547202558e-02,4.900000000000000000e+01
3.100000000000000089e+00,-9.939883915651431812e-02,4.900000000000000000e+01
3.120000000000000107e+00,-1.335628567182779725e-01,4.900000000000000000e+01
3.140000000000000124e+00,-1.662249200209640065e-01,4.900000000000000000e+01
3.160000000000000142e+00,-1.958329466184444978e-01,4.900000000000000000e+01
3.180000000000000160e+00,-2.229414028114032886e-01,4.900000000000000000e+01
3.200000000000000178e+00,-2.464878522937971883e-01,4.900000000000000000e+01
3.220000000000000195e+00,-2.677550026533811467e-01,4.900000000000000000e+01
3.240000000000000213e+00,-2.850669124195663318e-01,4.900000000000000000e+01
3.260000000000000231e+00,-2.989656305860111662e-01,4.900000000000000000e+01
3.280000000000000249e+00,-3.092666193245179884e-01,4.900000000000000000e+01
3.300000000000000266e+00,-3.164665771490440815e-01,4.900000000000000000e+01
3.320000000000000284e+00,-3.194514990771847862e-01,4.900000000000000000e+01
3.339999999999999858e+00,-3.193744407681542441e-01,4.900000000000000000e+01
3.359999999999999876e+00,-3.158203214413122240e-01,4.900000000000000000e+01
3.379999999999999893e+00,-3.086747111301265112e-01,4.879701215469623321e+01
3.399999999999999911e+00,-2.981564719544726461e-01,4.900000000000000000e+01
3.419999999999999929e+00,-2.847127537218065441e-01,4.800000000000000000e+01
3.439999999999999947e+00,-2.690691313293013809e-01,4.900000000000000000e+01
3.459999999999999964e+00,-2.498503481745130983e-01,4.800000000000000000e+01
3.479999999999999982e+00,-2.287330051593855773e-01,4.853882643607166614e+01
3.500000000000000000e+00,-2.053410269047023506e-01,4.900000000000000000e+01
3.520000000000000018e+00,-1.794846977462582760e-01,4.800000000000000000e+01
3.540000000000000036e+00,-1.519468468306131581e-01,4.800000000000000000e+01
3.560000000000000053e+00,-1.235633040843803904e-01,4.800000000000000000e+01
3.580000000000000071e+00,-9.398568987951116949e-02,4.800000000000000000e+01
3.600000000000000089e+00,-6.574298389577298840e-02,4.800000000000000000e+01
3.620000000000000107e+00,-4.157665313767991422e-02,4.800000000000000000e+01
3.640000000000000124e+00,-2.492750973333722128e-02,4.800000000000000000e+01
3.660000000000000142e+00,-1.664717592435798268e-02,4.800000000000000000e+01
3.680000000000000160e+00,-1.542510349261669647e-02,4.877793310463107446e+01
3.700000000000000178e+00,-2.026077705895927214e-02,4.800000000000000000e+01
3.720000000000000195e+00,-3.290910537862425100e-02,4.800000000000000000e+01
3.740000000000000213e+00,-5.351793933728021813e-02,4.814897034788678809e+01
3.760000000000000231e+00,-7.848837375170696073e-02,4.900000000000000000e+01
3.780000000000000249e+00,-1.056827708138379229e-01,4.704919394897244445e+01
3.800000000000000266e+00,-1.326324127044802292e-01,4.800000000000000000e+01
3.820000000000000284e+00,-1.568660852695257235e-01,4.800000000000000000e+01
3.839999999999999858e+00,-1.791818642360223923e-01,4.800000000000000000e+01
3.859999999999999876e+00,-1.990728782811384823e-01,4.800000000000000000e+01
3.879999999999999893e+00,-2.162806096919105969e-01,4.876539877300603365e+01
3.899999999999999911e+00,-2.306324945741950183e-01,4.822631118881110979e+01
3.919999999999999929e+00,-2.418738368329558797e-01,4.800000000000000000e+01
3.939999999999999947e+00,-2.501967614675581486e-01,4.800000000000000000e+01
3.959999999999999964e+00,-2.553524946157697539e-01,4.800000000000000000e+01
3.979999999999999982e+00,-2.574844191524439108e-01,4.800000000000000000e+01
4.000000000000000000e+00,-2.558530204409476538e-01,4.800000000000000000e+01
4.020000000000000462e+00,-2.518322145062603101e-01,4.800000000000000000e+01
4.040000000000000036e+00,-2.449598270123396204e-01,4.800000000000000000e+01
4.060000000000000497e+00,-2.349419860175322450e-01,4.800000000000000000e+01
4.080000000000000071e+00,-2.229655936233136404e-01,4.800000000000000000e+01
4.099999999999999645e+00,-2.079625879582399639e-01,4.800000000000000000e+01
4.120000000000000107e+00,-1.912216033444619212e-01,4.800000000000000000e+01
4.139999999999999680e+00,-1.727943193486648765e-01,4.836779195762132133e+01
4.160000000000000142e+00,-1.522284700952682979e-01,4.800000000000000000e+01
4.179999999999999716e+00,-1.301728265365674486e-01,4.800000000000000000e+01
4.200000000000000178e+00,-1.072904133702283352e-01,4.800000000000000000e+01
4.219999999999999751e+00,-8.441349868282047031e-02,4.800000000000000000e+01
4.240000000000000213e+00,-6.348838891343759616e-02,4.800000000000000000e+01
4.259999999999999787e+00,-4.646464142798286540e-02,4.800000000000000000e+01
4.280000000000000249e+00,-3.658961383454827077e-02,4.800000000000000000e+01
4.299999999999999822e+00,-3.474069041028617771e-02,4.832072743207729104e+01
4.320000000000000284e+00,-4.134256604831060278e-02,4.800000000000000000e+01
4.339999999999999858e+00,-5.454187657264852884e-02,4.800000000000000000e+01
4.360000000000000320e+00,-7.304374763265224224e-02,4.800000000000000000e+01
4.379999999999999893e+00,-9.384656993507574374e-02,4.800000000000000000e+01
4.400000000000000355e+00,-1.149719301128095811e-01,4.800000000000000000e+01
4.419999999999999929e+00,-1.349994605946898685e-01,4.800000000000000000e+01
4.440000000000000391e+00,-1.534175623345255535e-01,4.800000000000000000e+01
4.459999999999999964e+00,-1.694570671197844769e-01,4.800000000000000000e+01
4.480000000000000426e+00,-1.832113745157921136e-01,4.800000000000000000e+01
4.500000000000000000e+00,-1.945876152122561764e-01,4.800000000000000000e+01
4.520000000000000462e+00,-2.033725672196599055e-01,4.800000000000000000e+01
4.540000000000000036e+00,-2.092363640898995958e-01,4.800000000000000000e+01
4.560000000000000497e+00,-2.126480867206470005e-01,4.800000000000000000e+01
4.580000000000000071e+00,-2.134463059021975972e-01,4.800000000000000000e+01
4.600000000000000533e+00,-2.118299099576596289e-01,4.800000000000000000e+01
4.620000000000000107e+00,-2.074330258961482043e-01,4.800000000000000000e+01
4.639999999999999680e+00,-2.010476045859934391e-01,4.800000000000000000e+01
4.660000000000000142e+00,-1.921081183843363349e-01,4.800000000000000000e+01
4.679999999999999716e+00,-1.808258403588751950e-01,4.800000000000000000e+01
4.700000000000000178e+00,-1.682107140324639594e-01,4.800000000000000000e+01
4.719999999999999751e+00,-1.525983515725407857e-01,4.800000000000000000e+01
4.740000000000000213e+00,-1.362768809347471577e-01,4.800000000000000000e+01
4.759999999999999787e+00,-1.189158516138555527e-01,4.800000000000000000e+01
4.780000000000000249e+00,-1.009745923260121914e-01,4.800000000000000000e+01
4.799999999999999822e+00,-8.298070153741843313e-02,4.800000000000000000e+01
4.820000000000000284e+00,-6.744437748240653119e-02,4.800000000000000000e+01
4.839999999999999858e+00,-5.481248726077929401e-02,4.800000000000000000e+01
4.860000000000000320e+00,-4.819746779726617053e-02,4.800000000000000000e+01
4.879999999999999893e+00,-4.793689962142628352e-02,4.798542230517954721e+01
4.900000000000000355e+00,-5.413181214810652842e-02,4.800000000000000000e+01
4.919999999999999929e+00,-6.593436629464907717e-02,4.800000000000000000e+01
4.940000000000000391e+00,-8.063321701315166734e-02,4.800000000000000000e+01
4.959999999999999964e+00,-9.690355544079164163e-02,4.800000000000000000e+01
4.980000000000000426e+00,-1.132501130511834875e-01,4.800000000000000000e+01
5.000000000000000000e+00,-1.286946595918570246e-01,4.800000000000000000e+01
5.020000000000000462e+00,-1.426886627677514952e-01,4.800000000000000000e+01
5.040000000000000036e+00,-1.547592615538001815e-01,4.800000000000000000e+01
5.060000000000000497e+00,-1.644663067890449748e-01,4.800000000000000000e+01
5.080000000000000071e+00,-1.727474981028367940e-01,4.800000000000000000e+01
5.100000000000000533e+00,-1.785813275802080324e-01,4.800000000000000000e+01
5.120000000000000107e+00,-1.817775573763384944e-01,4.800000000000000000e+01
5.139999999999999680e+00,-1.825168595450239184e-01,4.800000000000000000e+01
5.160000000000000142e+00,-1.814891019667199124e-01,4.800000000000000000e+01
5.179999999999999716e+00,-1.775359372112177703e-01,4.800000000000000000e+01
5.200000000000000178e+00,-1.712660267191138952e-01,4.800000000000000000e+01
5.219999999999999751e+00,-1.634111965848059622e-01,4.777969645868443394e+01
5.240000000000000213e+00,-1.542118231616200763e-01,4.704657620985999245e+01
5.259999999999999787e+00,-1.428726951429472591e-01,4.760135552436352668e+01
5.280000000000000249e+00,-1.305870065992181528e-01,4.800000000000000000e+01
5.299999999999999822e+00,-1.168332317892279426e-01,4.756148114698594043e+01
5.320000000000000284e+00,-1.028490338171744178e-01,4.787427738442340797e+01
5.339999999999999858e+00,-8.887727470553938303e-02,4.739527961250536947e+01
5.360000000000000320e+00,-7.602173345421379957e-02,4.719354427860670143e+01
5.379999999999999893e+00,-6.582452524281152961e-02,4.760632424434570709e+01
5.400000000000000355e+00,-5.916103756544067310e-02,4.800000000000000000e+01
5.419999999999999929e+00,-5.742840574646869423e-02,4.700000000000000000e+01
5.440000000000000391e+00,-6.059671221462715335e-02,4.700000000000000000e+01
5.459999999999999964e+00,-6.861302155609408371e-02,4.700000000000000000e+01
5.480000000000000426e+00,-7.909484551470810643e-02,4.700000000000000000e+01
5.500000000000000000e+00,-9.171233023913480387e-02,4.700000000000000000e+01
5.520000000000000462e+00,-1.044293885123920018e-01,4.700000000000000000e+01
5.540000000000000036e+00,-1.168292827246871640e-01,4.771318938371566531e+01
5.560000000000000497e+00,-1.274767585001820858e-01,4.700000000000000000e+01
5.580000000000000071e+00,-1.373952748566974469e-01,4.700000000000000000e+01
5.600000000000000533e+00,-1.453812793511158052e-01,4.700000000000000000e+01
5.620000000000000107e+00,-1.518622851142928665e-01,4.742587012987021922e+01
5.639999999999999680e+00,-1.565435095997588788e-01,4.700000000000000000e+01
5.660000000000000142e+00,-1.595041408959682327e-01,4.700000000000000000e+01
5.679999999999999716e+00,-1.603009923340495135e-01,4.700000000000000000e+01
5.700000000000000178e+00,-1.588161803209384992e-01,4.700000000000000000e+01
5.719999999999999751e+00,-1.557931029004586965e-01,4.798100764555989883e+01
5.740000000000000213e+00,-1.515217269092035413e-01,4.700000000000000000e+01
5.759999999999999787e+00,-1.448860847455441525e-01,4.700000000000000000e+01
5.780000000000000249e+00,-1.368956072139204672e-01,4.706351112070849751e+01
5.799999999999999822e+00,-1.284008739929633769e-01,4.700000000000000000e+01
5.820000000000000284e+00,-1.184070326331894268e-01,4.700000000000000000e+01
5.839999999999999858e+00,-1.076515578714630911e-01,4.773080982711569220e+01
5.860000000000000320e+00,-9.686418411656094740e-02,4.700000000000000000e+01
5.879999999999999893e+00,-8.656663493924179886e-02,4.700000000000000000e+01
5.900000000000000355e+00,-7.777709042647514004e-02,4.700000000000000000e+01
5.919999999999999929e+00,-7.077631899253403192e-02,4.700000000000000000e+01
5.940000000000000391e+00,-6.702760049940056919e-02,4.700000000000000000e+01
5.959999999999999964e+00,-6.695862542092717584e-02,4.720189848384966780e+01
5.980000000000000426e+00,-7.030916653816877970e-02,4.700000000000000000e+01
6.000000000000000000e+00,-7.659188067020351876e-02,4.788229396430720186e+01
6.020000000000000462e+00,-8.536915632754746297e-02,4.700000000000000000e+01
6.040000000000000036e+00,-9.478912591968148560e-02,4.700000000000000000e+01
6.060000000000000497e+00,-1.041974393729326459e-01,4.700000000000000000e+01
6.080000000000000071e+00,-1.136104521027802988e-01,4.700000000000000000e+01
6.100000000000000533e+00,-1.219011841157964099e-01,4.770490566037685909e+01
6.120000000000000107e+00,-1.290693758065512842e-01,4.700000000000000000e+01
6.140000000000000568e+00,-1.344811137040482774e-01,4.756296564195352516e+01
6.160000000000000142e+00,-1.387293875044076641e-01,4.700000000000000000e+01
6.179999999999999716e+00,-1.413349932027534728e-01,4.700000000000000000e+01
6.200000000000000178e+00,-1.424241150279258183e-01,4.700000000000000000e+01
6.219999999999999751e+00,-1.415267508804401997e-01,4.700000000000000000e+01
6.240000000000000213e+00,-1.398735241192831102e-01,4.700000000000000000e+01
6.259999999999999787e+00,-1.361880089648067893e-01,4.700000000000000000e+01
6.280000000000000249e+00,-1.315065353833901607e-01,4.800000000000000000e+01
6.299999999999999822e+00,-1.257823964011832163e-01,4.700000000000000000e+01
6.320000000000000284e+00,-1.185073494320870030e-01,4.751274864801288800e+01
6.339999999999999858e+00,-1.107349480810868730e-01,4.700000000000000000e+01
6.360000000000000320e+00,-1.028263414362689393e-01,4.700000000000000000e+01
6.379999999999999893e+00,-9.465008424735800452e-02,4.700000000000000000e+01
6.400000000000000355e+00,-8.704731958973675743e-02,4.700000000000000000e+01
6.419999999999999929e+00,-8.083265130958081079e-02,4.700000000000000000e+01
6.440000000000000391e+00,-7.623587658667180245e-02,4.700000000000000000e+01
6.459999999999999964e+00,-7.410920459476022515e-02,4.700000000000000000e+01
6.480000000000000426e+00,-7.458981581093930557e-02,4.700000000000000000e+01
6.500000000000000000e+00,-7.756190358746772873e-02,4.700000000000000000e+01
6.520000000000000462e+00,-8.242019891389894271e-02,4.700000000000000000e+01
6.540000000000000036e+00,-8.898474516502159759e-02,4.700000000000000000e+01
6.560000000000000497e+00,-9.627440882533991329e-02,4.700000000000000000e+01
6.580000000000000071e+00,-1.033973435428553883e-01,4.700000000000000000e+01
6.600000000000000533e+00,-1.101370064150906103e-01,4.700000000000000000e+01
6.620000000000000107e+00,-1.159622399732340020e-01,4.700000000000000000e+01
6.640000000000000568e+00,-1.211607306331328321e-01,4.762386913849456960e+01
6.660000000000000142e+00,-1.254482064357722026e-01,4.700000000000000000e+01
6.679999999999999716e+00,-1.274818600337758734e-01,4.700000000000000000e+01
6.700000000000000178e+00,-1.290887584677836430e-01,4.700000000000000000e+01
6.719999999999999751e+00,-1.291511349499817884e-01,4.700000000000000000e+01
6.740000000000000213e+00,-1.278960743898858998e-01,4.700000000000000000e+01
6.759999999999999787e+00,-1.255946770081368680e-01,4.700000000000000000e+01
6.780000000000000249e+00,-1.218210985044760469e-01,4.700000000000000000e+01
6.799999999999999822e+00,-1.173317336460984600e-01,4.700000000000000000e+01
6.820000000000000284e+00,-1.123309073612768494e-01,4.700000000000000000e+01
6.839999999999999858e+00,-1.063157238991081915e-01,4.700000000000000000e+01
6.860000000000000320e+00,-1.000626086359115430e-01,4.700000000000000000e+01
6.879999999999999893e+00,-9.424394465572408230e-02,4.700000000000000000e+01
6.900000000000000355e+00,-8.908205056176178582e-02,4.700000000000000000e+01
6.919999999999999929e+00,-8.457167078561426965e-02,4.700000000000000000e+01
6.940000000000000391e+00,-8.157597092871091138e-02,4.700000000000000000e+01
6.959999999999999964e+00,-8.043811756475330310e-02,4.700000000000000000e+01
6.980000000000000426e+00,-8.082161276172472597e-02,4.700000000000000000e+01
7.000000000000000000e+00,-8.302915433165895809e-02,4.700000000000000000e+01
7.020000000000000462e+00,-8.669275608583440484e-02,4.700000000000000000e+01
7.040000000000000036e+00,-9.191532612823058446e-02,4.700000000000000000e+01
7.060000000000000497e+00,-9.698808116523843781e-02,4.700000000000000000e+01
7.080000000000000071e+00,-1.023220849929858539e-01,4.700000000000000000e+01
7.100000000000000533e+00,-1.068717812371041825e-01,4.700000000000000000e+01
7.120000000000000107e+00,-1.117343949307766787e-01,4.700000000000000000e+01
7.140000000000000568e+00,-1.150370559656976599e-01,4.700000000000000000e+01
7.160000000000000142e+00,-1.178081596828533251e-01,4.700000000000000000e+01
7.179999999999999716e+00,-1.192338602946485665e-01,4.700000000000000000e+01
7.200000000000000178e+00,-1.197594643003233594e-01,4.700000000000000000e+01
7.219999999999999751e+00,-1.194193565500199505e-01,4.700000000000000000e+01
7.240000000000000213e+00,-1.181604673093533120e-01,4.700000000000000000e+01
7.259999999999999787e+00,-1.154190547500886926e-01,4.700000000000000000e+01
7.280000000000000249e+00,-1.125503723867048583e-01,4.700000000000000000e+01
7.299999999999999822e+00,-1.086953956606741545e-01,4.700000000000000000e+01
7.320000000000000284e+00,-1.045385302767396496e-01,4.700000000000000000e+01
7.339999999999999858e+00,-1.005149077005184910e-01,4.700000000000000000e+01
7.360000000000000320e+00,-9.615744045584161126e-02,4.700000000000000000e+01
7.379999999999999893e+00,-9.202886772868672238e-02,4.700000000000000000e+01
7.400000000000000355e+00,-8.891149512702722912e-02,4.700000000000000000e+01
7.419999999999999929e+00,-8.632004338986302983e-02,4.700000000000000000e+01
7.440000000000000391e+00,-8.538642795464870816e-02,4.700000000000000000e+01
7.459999999999999964e+00,-8.574786272046353020e-02,4.700000000000000000e+01
7.480000000000000426e+00,-8.686272143344150876e-02,4.700000000000000000e+01
7.500000000000000000e+00,-8.966995222955931322e-02,4.700000000000000000e+01
7.520000000000000462e+00,-9.250921170754616840e-02,4.700000000000000000e+01
7.540000000000000036e+00,-9.651020741132294856e-02,4.700000000000000000e+01
7.560000000000000497e+00,-1.006339780787518928e-01,4.700000000000000000e+01
7.580000000000000071e+00,-1.037176102030084729e-01,4.700000000000000000e+01
7.600000000000000533e+00,-1.068314192821376296e-01,4.700000000000000000e+01
7.620000000000000107e+00,-1.093975419584864162e-01,4.700000000000000000e+01
7.640000000000000568e+00,-1.114138564734384329e-01,4.700000000000000000e+01
7.660000000000000142e+00,-1.120825232547405792e-01,4.700000000000000000e+01
7.679999999999999716e+00,-1.128142389153627828e-01,4.700000000000000000e+01
7.700000000000000178e+00,-1.122431442274245544e-01,4.700000000000000000e+01
7.719999999999999751e+00,-1.114821751403175659e-01,4.700000000000000000e+01
7.740000000000000213e+00,-1.095212949097618127e-01,4.700000000000000000e+01
7.759999999999999787e+00,-1.069639742542714822e-01,4.700000000000000000e+01
7.780000000000000249e+00,-1.039271983792521836e-01,4.700000000000000000e+01
7.799999999999999822e+00,-1.017236482647282392e-01,4.600000000000000000e+01
7.820000000000000284e+00,-9.825748626904409755e-02,4.700000000000000000e+01
7.839999999999999858e+00,-9.531635398109117308e-02,4.700000000000000000e+01
7.860000000000000320e+00,-9.283133123263688502e-02,4.642196917808247747e+01
7.879999999999999893e+00,-9.096440655508775119e-02,4.626439226519326553e+01
7.900000000000000355e+00,-8.981942469609377477e-02,4.600000000000000000e+01
7.919999999999999929e+00,-8.972303772556743107e-02,4.700000000000000000e+01
7.940000000000000391e+00,-9.002549748903856952e-02,4.653574903387170991e+01
7.959999999999999964e+00,-9.165437496413604557e-02,4.700000000000000000e+01
7.980000000000000426e+00,-9.349079584378748586e-02,4.614437293729410072e+01
8.000000000000000000e+00,-9.610224343701249949e-02,4.661724062294362625e+01
8.019999999999999574e+00,-9.847123043819071275e-02,4.769739670223049899e+01
8.040000000000000924e+00,-1.010367612884545963e-01,4.600000000000000000e+01
8.060000000000000497e+00,-1.036565594915243999e-01,4.700000000000000000e+01
8.080000000000000071e+00,-1.052683137921881784e-01,4.666860980523834712e+01
8.099999999999999645e+00,-1.065520609326525286e-01,4.600000000000000000e+01
8.120000000000000995e+00,-1.074889231545212293e-01,4.615013698630044559e+01
8.140000000000000568e+00,-1.080889036650751478e-01,4.600000000000000000e+01
8.160000000000000142e+00,-1.079233137285094679e-01,4.600000000000000000e+01
8.179999999999999716e+00,-1.070910337542663182e-01,4.639680508282251026e+01
8.199999999999999289e+00,-1.055765636099137428e-01,4.693216553536303337e+01
8.220000000000000639e+00,-1.042111866201499704e-01,4.600000000000000000e+01
8.240000000000000213e+00,-1.024243730406440983e-01,4.700000000000000000e+01
8.259999999999999787e+00,-1.001861982907667065e-01,4.625501158301175764e+01
8.279999999999999361e+00,-9.775882941357323663e-02,4.700000000000000000e+01
8.300000000000000711e+00,-9.613665250199049384e-02,4.674833178869254624e+01
8.320000000000000284e+00,-9.462444905107039728e-02,4.600000000000000000e+01
8.339999999999999858e+00,-9.310457792690138290e-02,4.600000000000000000e+01
8.359999999999999432e+00,-9.269930253851985102e-02,4.600000000000000000e+01
8.380000000000000782e+00,-9.261409006859558368e-02,4.600000000000000000e+01
8.400000000000000355e+00,-9.328486771552035872e-02,4.666548821548790471e+01
8.419999999999999929e+00,-9.439855364002670834e-02,4.600000000000000000e+01
8.439999999999999503e+00,-9.544734590210661451e-02,4.600000000000000000e+01
8.460000000000000853e+00,-9.736503061813973903e-02,4.600000000000000000e+01
8.480000000000000426e+00,-9.902183774216324896e-02,4.600000000000000000e+01
8.500000000000000000e+00,-1.011992460858436860e-01,4.651547515257192345e+01
8.519999999999999574e+00,-1.019566234706973107e-01,4.622307906791440502e+01
8.540000000000000924e+00,-1.035620014776248016e-01,4.600000000000000000e+01
8.560000000000000497e+00,-1.043947493149743194e-01,4.600000000000000000e+01
8.580000000000000071e+00,-1.048252569965153619e-01,4.600000000000000000e+01
8.599999999999999645e+00,-1.047952271705113181e-01,4.600000000000000000e+01
8.620000000000000995e+00,-1.045184003883206092e-01,4.600000000000000000e+01
8.640000000000000568e+00,-1.039649785280443439e-01,4.600000000000000000e+01
8.660000000000000142e+00,-1.030248639661197202e-01,4.600000000000000000e+01
8.679999999999999716e+00,-1.014620346854988864e-01,4.600000000000000000e+01
8.700000000000001066e+00,-1.004008651964421600e-01,4.600000000000000000e+01
8.720000000000000639e+00,-9.887508699354556618e-02,4.600000000000000000e+01
8.740000000000000213e+00,-9.736190204278852289e-02,4.600000000000000000e+01
8.759999999999999787e+00,-9.644904203830968747e-02,4.600000000000000000e+01
8.779999999999999361e+00,-9.556645217983986140e-02,4.600000000000000000e+01
8.800000000000000711e+00,-9.508107418724862092e-02,4.600000000000000000e+01
8.820000000000000284e+00,-9.482628983595885186e-02,4.600000000000000000e+01
8.839999999999999858e+00,-9.498212827711965955e-02,4.600000000000000000e+01
8.859999999999999432e+00,-9.564006353307423491e-02,4.690632531450063425e+01
8.880000000000000782e+00,-9.655393315704896562e-02,4.600000000000000000e+01
8.900000000000000355e+00,-9.767789607407284524e-02,4.600000000000000000e+01
8.919999999999999929e+00,-9.876867832903958588e-02,4.600000000000000000e+01
8.939999999999999503e+00,-1.001427335605452745e-01,4.600000000000000000e+01
8.960000000000000853e+00,-1.011030847805756971e-01,4.600000000000000000e+01
8.980000000000000426e+00,-1.018948831875203798e-01,4.680218362282838029e+01
9.000000000000000000e+00,-1.020097223943951387e-01,4.600000000000000000e+01
9.019999999999999574e+00,-1.028823970037954783e-01,4.664961227451756542e+01
9.040000000000000924e+00,-1.031491767929045705e-01,4.600000000000000000e+01
9.060000000000000497e+00,-1.028199803566502007e-01,4.600000000000000000e+01
9.080000000000000071e+00,-1.024785536679465869e-01,4.600000000000000000e+01
9.099999999999999645e+00,-1.013569662366307217e-01,4.600000000000000000e+01
9.120000000000000995e+00,-1.005471234407568082e-01,4.600000000000000000e+01
9.140000000000000568e+00,-9.972894477541606462e-02,4.600000000000000000e+01
9.160000000000000142e+00,-9.885172970012766347e-02,4.600000000000000000e+01
9.179999999999999716e+00,-9.781241282484338939e-02,4.600000000000000000e+01
9.200000000000001066e+00,-9.714849123814438270e-02,4.600000000000000000e+01
9.220000000000000639e+00,-9.667807143375400925e-02,4.600000000000000000e+01
9.240000000000000213e+00,-9.635316823906683870e-02,4.600000000000000000e+01
9.259999999999999787e+00,-9.633126810668508899e-02,4.600000000000000000e+01
9.279999999999999361e+00,-9.670215143922827883e-02,4.600000000000000000e+01
9.300000000000000711e+00,-9.676063717106359041e-02,4.600000000000000000e+01
9.320000000000000284e+00,-9.789436424207689780e-02,4.700000000000000000e+01
9.339999999999999858e+00,-9.856451767054762170e-02,4.600000000000000000e+01
9.359999999999999432e+00,-9.908514164688726755e-02,4.600000000000000000e+01
9.380000000000000782e+00,-9.974336107460116119e-02,4.600000000000000000e+01
9.400000000000000355e+00,-1.004492003196037764e-01,4.600000000000000000e+01
9.419999999999999929e+00,-1.008611819838035467e-01,4.600000000000000000e+01
9.439999999999999503e+00,-1.014489863234090128e-01,4.600000000000000000e+01
9.460000000000000853e+00,-1.013041468598421674e-01,4.600000000000000000e+01
9.480000000000000426e+00,-1.014719261664799865e-01,4.600000000000000000e+01
9.500000000000000000e+00,-1.011897964781831860e-01,4.600000000000000000e+01
9.519999999999999574e+00,-1.008326325094555803e-01,4.600000000000000000e+01
9.540000000000000924e+00,-1.002801529603622038e-01,4.600000000000000000e+01
9.560000000000000497e+00,-9.970875121256667084e-02,4.600000000000000000e+01
9.580000000000000071e+00,-9.922175029858668061e-02,4.600000000000000000e+01
9.599999999999999645e+00,-9.852768496119689023e-02,4.600000000000000000e+01
9.620000000000000995e+00,-9.793346101049796304e-02,4.600000000000000000e+01
9.640000000000000568e+00,-9.778526944998702786e-02,4.600000000000000000e+01
9.660000000000000142e+00,-9.743834207550466919e-02,4.600000000000000000e+01
9.679999999999999716e+00,-9.731967141374470165e-02,4.600000000000000000e+01
9.700000000000001066e+00,-9.779878077656453672e-02,4.600000000000000000e+01
9.720000000000000639e+00,-9.797173106622301952e-02,4.600000000000000000e+01
9.740000000000000213e+00,-9.798539748498248658e-02,4.600000000000000000e+01
9.759999999999999787e+00,-9.892729720555548667e-02,4.600000000000000000e+01
9.779999999999999361e+00,-9.914009110114049839e-02,4.600000000000000000e+01
9.800000000000000711e+00,-9.935179753400893987e-02,4.600000000000000000e+01
9.820000000000000284e+00,-1.000922464095380798e-01,4.600000000000000000e+01
9.839999999999999858e+00,-1.001336514057056121e-01,4.600000000000000000e+01
9.859999999999999432e+00,-1.005097361013368024e-01,4.600000000000000000e+01
9.880000000000000782e+00,-1.004405573210197522e-01,4.600000000000000000e+01
9.900000000000000355e+00,-1.005367443286101503e-01,4.600000000000000000e+01
9.919999999999999929e+00,-1.001187854689404577e-01,4.600000000000000000e+01
9.939999999999999503e+00,-1.000361541201166410e-01,4.600000000000000000e+01
9.960000000000000853e+00,-9.992507642290873737e-02,4.600000000000000000e+01
9.980000000000000426e+00,-9.924035937451083922e-02,4.600000000000000000e+01
1.000000000000000000e+01,-9.884588701938100408e-02,4.600000000000000000e+01
1.001999999999999957e+01,-9.872245752132158270e-02,4.600000000000000000e+01
